{
"type": "FeatureCollection",
"name": "batas_kota_bandung",
"crs": { "type": "name", "properties": { "name": "urn:ogc:def:crs:OGC:1.3:CRS84" } },
"features": [
{ "type": "Feature", "properties": { "auto_number": 1.0, "Nama": "Ancol", "PROV": "Jawa Barat", "KAB_KOTA": "Kota Bandung", "KEC": "Regol", "KEL_DES": "Ancol", "Luas_Wilayah": 169.03134150087317, "NO_PROV": "32", "NO_KAB": "32.73", "NO_KEC": "32.73.11", "NO_Desa": "32.73.11.1002", "Catatan": "" }, "geometry": { "type": "Polygon", "coordinates": [ [ [ 107.739549, -6.902109 ], [ 107.739382, -6.902007 ], [ 107.739196, -6.901898 ], [ 107.738939, -6.901698 ], [ 107.738839, -6.901622 ], [ 107.738692, -6.901507 ], [ 107.738544, -6.901422 ], [ 107.73834, -6.901298 ], [ 107.738221, -6.90125 ], [ 107.738168, -6.901222 ], [ 107.73813, -6.90115 ], [ 107.738106, -6.901046 ], [ 107.738106, -6.900951 ], [ 107.738111, -6.900832 ], [ 107.738144, -6.900675 ], [ 107.738191, -6.900391 ], [ 107.738235, -6.900047 ], [ 107.73824, -6.899875 ], [ 107.738235, -6.89977 ], [ 107.738216, -6.899685 ], [ 107.738192, -6.899628 ], [ 107.738144, -6.899585 ], [ 107.738068, -6.899571 ], [ 107.737973, -6.899575 ], [ 107.737878, -6.899628 ], [ 107.737783, -6.899704 ], [ 107.737697, -6.899756 ], [ 107.737597, -6.899818 ], [ 107.737483, -6.89988 ], [ 107.737354, -6.899927 ], [ 107.73725, -6.899937 ], [ 107.737002, -6.899842 ], [ 107.736826, -6.899766 ], [ 107.736779, -6.89987 ], [ 107.736731, -6.899994 ], [ 107.736674, -6.900108 ], [ 107.736622, -6.90018 ], [ 107.736574, -6.900189 ], [ 107.736512, -6.900175 ], [ 107.736403, -6.900156 ], [ 107.736293, -6.900129 ], [ 107.736265, -6.900123 ], [ 107.736227, -6.900084 ], [ 107.736203, -6.900013 ], [ 107.736198, -6.899946 ], [ 107.736212, -6.899866 ], [ 107.73626, -6.899775 ], [ 107.736312, -6.89967 ], [ 107.736327, -6.899594 ], [ 107.736327, -6.899494 ], [ 107.736327, -6.899394 ], [ 107.736308, -6.899295 ], [ 107.736279, -6.899233 ], [ 107.736222, -6.899204 ], [ 107.736131, -6.899204 ], [ 107.736074, -6.899233 ], [ 107.736008, -6.899299 ], [ 107.735927, -6.89939 ], [ 107.735832, -6.899461 ], [ 107.735746, -6.899485 ], [ 107.735627, -6.899471 ], [ 107.735546, -6.899456 ], [ 107.735451, -6.899452 ], [ 107.735341, -6.899452 ], [ 107.735203, -6.899456 ], [ 107.735099, -6.89948 ], [ 107.734951, -6.899509 ], [ 107.734732, -6.899518 ], [ 107.734628, -6.899513 ], [ 107.734513, -6.899513 ], [ 107.734423, -6.899461 ], [ 107.734375, -6.89939 ], [ 107.734356, -6.899304 ], [ 107.734356, -6.89918 ], [ 107.73438, -6.899076 ], [ 107.734447, -6.898933 ], [ 107.73459, -6.898746 ], [ 107.734666, -6.898652 ], [ 107.734728, -6.898552 ], [ 107.734728, -6.898428 ], [ 107.734709, -6.898362 ], [ 107.734613, -6.898314 ], [ 107.734532, -6.898314 ], [ 107.734466, -6.898314 ], [ 107.734361, -6.898328 ], [ 107.734266, -6.898343 ], [ 107.734214, -6.898314 ], [ 107.734133, -6.898243 ], [ 107.734057, -6.898157 ], [ 107.734004, -6.898129 ], [ 107.733871, -6.898043 ], [ 107.733752, -6.897948 ], [ 107.733671, -6.897891 ], [ 107.7336, -6.897862 ], [ 107.733528, -6.897848 ], [ 107.733366, -6.897834 ], [ 107.733252, -6.897805 ], [ 107.733114, -6.897795 ], [ 107.732933, -6.897772 ], [ 107.7328, -6.897748 ], [ 107.732715, -6.897724 ], [ 107.732605, -6.8977 ], [ 107.732529, -6.897715 ], [ 107.732462, -6.897762 ], [ 107.732381, -6.89781 ], [ 107.732248, -6.897824 ], [ 107.732143, -6.897829 ], [ 107.732015, -6.89781 ], [ 107.731925, -6.897776 ], [ 107.731744, -6.897696 ], [ 107.731572, -6.897624 ], [ 107.731353, -6.897543 ], [ 107.731187, -6.897472 ], [ 107.731092, -6.897443 ], [ 107.731001, -6.897424 ], [ 107.730887, -6.897391 ], [ 107.730806, -6.897367 ], [ 107.730716, -6.897343 ], [ 107.730635, -6.89731 ], [ 107.730563, -6.897267 ], [ 107.730502, -6.897229 ], [ 107.730411, -6.897196 ], [ 107.730278, -6.897143 ], [ 107.730192, -6.897086 ], [ 107.73014, -6.897015 ], [ 107.730121, -6.896901 ], [ 107.730116, -6.896753 ], [ 107.730126, -6.896663 ], [ 107.730126, -6.89652 ], [ 107.73013, -6.896382 ], [ 107.730111, -6.896273 ], [ 107.730088, -6.896168 ], [ 107.73005, -6.896054 ], [ 107.729988, -6.895944 ], [ 107.72994, -6.895906 ], [ 107.729902, -6.895906 ], [ 107.729826, -6.89593 ], [ 107.72975, -6.895978 ], [ 107.729664, -6.896049 ], [ 107.729593, -6.896087 ], [ 107.729517, -6.896044 ], [ 107.72934, -6.895906 ], [ 107.729279, -6.895873 ], [ 107.729221, -6.895868 ], [ 107.729155, -6.895878 ], [ 107.729069, -6.895911 ], [ 107.728974, -6.895954 ], [ 107.728831, -6.896025 ], [ 107.728688, -6.896058 ], [ 107.728555, -6.896073 ], [ 107.728379, -6.896077 ], [ 107.728155, -6.896058 ], [ 107.727932, -6.896068 ], [ 107.727799, -6.896063 ], [ 107.727637, -6.896025 ], [ 107.727532, -6.896025 ], [ 107.727456, -6.896035 ], [ 107.72737, -6.896063 ], [ 107.727285, -6.89613 ], [ 107.727204, -6.896244 ], [ 107.727089, -6.896453 ], [ 107.726909, -6.896382 ], [ 107.726771, -6.896315 ], [ 107.726675, -6.896244 ], [ 107.726628, -6.896173 ], [ 107.726604, -6.896087 ], [ 107.726585, -6.896001 ], [ 107.726585, -6.89592 ], [ 107.726618, -6.89583 ], [ 107.726647, -6.895744 ], [ 107.726647, -6.895673 ], [ 107.726633, -6.895621 ], [ 107.72659, -6.895587 ], [ 107.726528, -6.895568 ], [ 107.726438, -6.895564 ], [ 107.726338, -6.895559 ], [ 107.72628, -6.895554 ], [ 107.726238, -6.89553 ], [ 107.72619, -6.895473 ], [ 107.726119, -6.895326 ], [ 107.726038, -6.895092 ], [ 107.725885, -6.895211 ], [ 107.725762, -6.895307 ], [ 107.7256, -6.895459 ], [ 107.725367, -6.895668 ], [ 107.725172, -6.895849 ], [ 107.725019, -6.896016 ], [ 107.724833, -6.89622 ], [ 107.724643, -6.896501 ], [ 107.724486, -6.896691 ], [ 107.724353, -6.896858 ], [ 107.724239, -6.897039 ], [ 107.724148, -6.897234 ], [ 107.724063, -6.897448 ], [ 107.723987, -6.897619 ], [ 107.723958, -6.897719 ], [ 107.723977, -6.897805 ], [ 107.724006, -6.897891 ], [ 107.724044, -6.897981 ], [ 107.724101, -6.898062 ], [ 107.724034, -6.898105 ], [ 107.723911, -6.898176 ], [ 107.723839, -6.898257 ], [ 107.723744, -6.898357 ], [ 107.723682, -6.898447 ], [ 107.72363, -6.898519 ], [ 107.723563, -6.898576 ], [ 107.723492, -6.8986 ], [ 107.72343, -6.898604 ], [ 107.723306, -6.898609 ], [ 107.723187, -6.898624 ], [ 107.723125, -6.898647 ], [ 107.723049, -6.898728 ], [ 107.722987, -6.898814 ], [ 107.722906, -6.898895 ], [ 107.722811, -6.898961 ], [ 107.722697, -6.899023 ], [ 107.722597, -6.899085 ], [ 107.722459, -6.899133 ], [ 107.722302, -6.899195 ], [ 107.722126, -6.899252 ], [ 107.721936, -6.899299 ], [ 107.721764, -6.899323 ], [ 107.721583, -6.899352 ], [ 107.721422, -6.899347 ], [ 107.721169, -6.899328 ], [ 107.72096, -6.899304 ], [ 107.720798, -6.899285 ], [ 107.72078, -6.899277 ], [ 107.720576, -6.899214 ], [ 107.720416, -6.899229 ], [ 107.720252, -6.899248 ], [ 107.720106, -6.89926 ], [ 107.720021, -6.89926 ], [ 107.719971, -6.899233 ], [ 107.719921, -6.899191 ], [ 107.719852, -6.899133 ], [ 107.71976, -6.899056 ], [ 107.719663, -6.898975 ], [ 107.71958, -6.898928 ], [ 107.719518, -6.898904 ], [ 107.719442, -6.898928 ], [ 107.719356, -6.898961 ], [ 107.719256, -6.898995 ], [ 107.719166, -6.899038 ], [ 107.719096, -6.899083 ], [ 107.719033, -6.899124 ], [ 107.718971, -6.899181 ], [ 107.718885, -6.899334 ], [ 107.718747, -6.899491 ], [ 107.718681, -6.899562 ], [ 107.718581, -6.899595 ], [ 107.718452, -6.899581 ], [ 107.718371, -6.899553 ], [ 107.718152, -6.899481 ], [ 107.718048, -6.899443 ], [ 107.717981, -6.899438 ], [ 107.717791, -6.899348 ], [ 107.717591, -6.899248 ], [ 107.717439, -6.899191 ], [ 107.717353, -6.899386 ], [ 107.717215, -6.899772 ], [ 107.717134, -6.899971 ], [ 107.71712, -6.900043 ], [ 107.717115, -6.900262 ], [ 107.717077, -6.900409 ], [ 107.71702, -6.900557 ], [ 107.716915, -6.900799 ], [ 107.716777, -6.901018 ], [ 107.716634, -6.901285 ], [ 107.716477, -6.901566 ], [ 107.71633, -6.901856 ], [ 107.716173, -6.902113 ], [ 107.716089, -6.902264 ], [ 107.715995, -6.902435 ], [ 107.715985, -6.902449 ], [ 107.715795, -6.902699 ], [ 107.715567, -6.903071 ], [ 107.715371, -6.903385 ], [ 107.715157, -6.903699 ], [ 107.714946, -6.90402 ], [ 107.714901, -6.90399 ], [ 107.714743, -6.903888 ], [ 107.714671, -6.903824 ], [ 107.714643, -6.903752 ], [ 107.714646, -6.903652 ], [ 107.714657, -6.903574 ], [ 107.714668, -6.903463 ], [ 107.714657, -6.90341 ], [ 107.714621, -6.903356 ], [ 107.71455, -6.903299 ], [ 107.71445, -6.903238 ], [ 107.714411, -6.903213 ], [ 107.714391, -6.903191 ], [ 107.714336, -6.903128 ], [ 107.714289, -6.903099 ], [ 107.714232, -6.903067 ], [ 107.714182, -6.903013 ], [ 107.714129, -6.902917 ], [ 107.714079, -6.902817 ], [ 107.714025, -6.902735 ], [ 107.713963, -6.902626 ], [ 107.713953, -6.902524 ], [ 107.713939, -6.902384 ], [ 107.713926, -6.902253 ], [ 107.713939, -6.902178 ], [ 107.71395, -6.902068 ], [ 107.713961, -6.901964 ], [ 107.713961, -6.901886 ], [ 107.713929, -6.901689 ], [ 107.713929, -6.901561 ], [ 107.713936, -6.901425 ], [ 107.713947, -6.901318 ], [ 107.71395, -6.901218 ], [ 107.713954, -6.901093 ], [ 107.713954, -6.900993 ], [ 107.713975, -6.900922 ], [ 107.714025, -6.900833 ], [ 107.714086, -6.90074 ], [ 107.714107, -6.900676 ], [ 107.7141, -6.900565 ], [ 107.714086, -6.900436 ], [ 107.714082, -6.900347 ], [ 107.714086, -6.900219 ], [ 107.714097, -6.900097 ], [ 107.714122, -6.900005 ], [ 107.714132, -6.899873 ], [ 107.714147, -6.899755 ], [ 107.714157, -6.899644 ], [ 107.714157, -6.899587 ], [ 107.714157, -6.899519 ], [ 107.714143, -6.899455 ], [ 107.714136, -6.899366 ], [ 107.714154, -6.899255 ], [ 107.714175, -6.899119 ], [ 107.7142, -6.898984 ], [ 107.714221, -6.898827 ], [ 107.714236, -6.898684 ], [ 107.714243, -6.898488 ], [ 107.714254, -6.898388 ], [ 107.714279, -6.898334 ], [ 107.714314, -6.898263 ], [ 107.71435, -6.89817 ], [ 107.714386, -6.898084 ], [ 107.714396, -6.898009 ], [ 107.714403, -6.897913 ], [ 107.714403, -6.897817 ], [ 107.714382, -6.89762 ], [ 107.714379, -6.897495 ], [ 107.714386, -6.897406 ], [ 107.714407, -6.897338 ], [ 107.714446, -6.897249 ], [ 107.714471, -6.897185 ], [ 107.714478, -6.89711 ], [ 107.714471, -6.897042 ], [ 107.714457, -6.896956 ], [ 107.714446, -6.896867 ], [ 107.714428, -6.896771 ], [ 107.714418, -6.896678 ], [ 107.714421, -6.896592 ], [ 107.714436, -6.896464 ], [ 107.714453, -6.896339 ], [ 107.714539, -6.896153 ], [ 107.714582, -6.896028 ], [ 107.714639, -6.895889 ], [ 107.71465, -6.895739 ], [ 107.714653, -6.895497 ], [ 107.714653, -6.895311 ], [ 107.714646, -6.895097 ], [ 107.714639, -6.894893 ], [ 107.714628, -6.894815 ], [ 107.714603, -6.894754 ], [ 107.714475, -6.894651 ], [ 107.714314, -6.89454 ], [ 107.714293, -6.894497 ], [ 107.714295, -6.894421 ], [ 107.714296, -6.894358 ], [ 107.7143, -6.894189 ], [ 107.714308, -6.894025 ], [ 107.714314, -6.893852 ], [ 107.714314, -6.893718 ], [ 107.714316, -6.893545 ], [ 107.714324, -6.893196 ], [ 107.714363, -6.892589 ], [ 107.714381, -6.892293 ], [ 107.714438, -6.892086 ], [ 107.714506, -6.891889 ], [ 107.714538, -6.891729 ], [ 107.714549, -6.891443 ], [ 107.714538, -6.891297 ], [ 107.714527, -6.891165 ], [ 107.71452, -6.890965 ], [ 107.714527, -6.890783 ], [ 107.714531, -6.890651 ], [ 107.714542, -6.890548 ], [ 107.714552, -6.890467 ], [ 107.714571, -6.890358 ], [ 107.714561, -6.890277 ], [ 107.714523, -6.890163 ], [ 107.714461, -6.890072 ], [ 107.714381, -6.890044 ], [ 107.71429, -6.890025 ], [ 107.714166, -6.890015 ], [ 107.714057, -6.890001 ], [ 107.714, -6.889977 ], [ 107.713971, -6.889949 ], [ 107.713971, -6.889868 ], [ 107.713881, -6.889782 ], [ 107.713824, -6.889701 ], [ 107.713662, -6.889573 ], [ 107.713614, -6.88952 ], [ 107.713601, -6.88944 ], [ 107.713353, -6.889439 ], [ 107.713153, -6.889425 ], [ 107.712877, -6.889425 ], [ 107.712701, -6.88942 ], [ 107.712591, -6.889401 ], [ 107.712558, -6.889516 ], [ 107.712525, -6.889644 ], [ 107.712436, -6.889877 ], [ 107.712358, -6.890077 ], [ 107.71232, -6.890001 ], [ 107.712287, -6.889934 ], [ 107.712229, -6.889901 ], [ 107.712163, -6.889877 ], [ 107.712053, -6.889849 ], [ 107.712006, -6.889839 ], [ 107.711953, -6.889853 ], [ 107.711896, -6.889892 ], [ 107.711711, -6.890116 ], [ 107.711558, -6.890087 ], [ 107.711401, -6.890023 ], [ 107.711293, -6.88998 ], [ 107.711161, -6.889955 ], [ 107.711036, -6.889944 ], [ 107.710915, -6.889951 ], [ 107.710854, -6.890076 ], [ 107.710769, -6.890233 ], [ 107.710676, -6.890387 ], [ 107.71066, -6.890407 ], [ 107.710622, -6.890455 ], [ 107.710551, -6.890497 ], [ 107.710455, -6.890515 ], [ 107.710315, -6.890519 ], [ 107.710148, -6.890501 ], [ 107.709948, -6.89048 ], [ 107.709887, -6.890472 ], [ 107.709827, -6.89044 ], [ 107.709827, -6.890394 ], [ 107.709837, -6.890337 ], [ 107.709855, -6.890276 ], [ 107.709869, -6.89023 ], [ 107.709859, -6.89019 ], [ 107.709823, -6.890158 ], [ 107.709769, -6.890133 ], [ 107.709659, -6.890095 ], [ 107.709439, -6.890033 ], [ 107.709273, -6.889985 ], [ 107.70909, -6.889932 ], [ 107.708906, -6.8899 ], [ 107.708759, -6.889873 ], [ 107.708577, -6.889873 ], [ 107.708385, -6.889876 ], [ 107.708263, -6.889873 ], [ 107.708088, -6.889841 ], [ 107.707896, -6.889816 ], [ 107.707674, -6.889801 ], [ 107.707668, -6.88983 ], [ 107.707649, -6.889909 ], [ 107.707631, -6.890104 ], [ 107.70764, -6.890339 ], [ 107.707646, -6.890551 ], [ 107.707646, -6.890626 ], [ 107.707628, -6.890704 ], [ 107.707603, -6.890762 ], [ 107.707567, -6.890819 ], [ 107.707492, -6.890901 ], [ 107.70736, -6.891026 ], [ 107.707214, -6.891151 ], [ 107.707103, -6.891265 ], [ 107.70691, -6.891472 ], [ 107.706739, -6.891636 ], [ 107.706639, -6.891715 ], [ 107.706536, -6.891761 ], [ 107.706375, -6.891811 ], [ 107.706229, -6.891814 ], [ 107.706129, -6.891807 ], [ 107.706065, -6.891797 ], [ 107.705835, -6.891725 ], [ 107.705692, -6.891681 ], [ 107.705419, -6.891604 ], [ 107.70524, -6.891579 ], [ 107.705069, -6.89155 ], [ 107.705019, -6.891529 ], [ 107.70489, -6.891468 ], [ 107.704815, -6.89144 ], [ 107.704758, -6.891447 ], [ 107.704719, -6.891468 ], [ 107.704687, -6.891508 ], [ 107.704669, -6.89155 ], [ 107.704662, -6.891622 ], [ 107.704651, -6.891743 ], [ 107.704644, -6.8918 ], [ 107.704612, -6.891868 ], [ 107.704566, -6.891936 ], [ 107.704512, -6.892014 ], [ 107.704437, -6.892164 ], [ 107.704359, -6.892307 ], [ 107.704298, -6.892421 ], [ 107.704241, -6.89255 ], [ 107.704198, -6.892678 ], [ 107.704166, -6.892821 ], [ 107.704137, -6.892974 ], [ 107.704105, -6.893167 ], [ 107.704094, -6.893406 ], [ 107.704091, -6.893485 ], [ 107.704098, -6.893563 ], [ 107.704123, -6.893638 ], [ 107.704173, -6.893742 ], [ 107.704307, -6.894022 ], [ 107.704408, -6.894256 ], [ 107.704514, -6.894503 ], [ 107.704626, -6.894807 ], [ 107.704808, -6.895237 ], [ 107.704919, -6.895505 ], [ 107.704923, -6.89555 ], [ 107.704905, -6.895758 ], [ 107.704858, -6.895923 ], [ 107.704805, -6.896101 ], [ 107.704698, -6.896376 ], [ 107.704658, -6.896483 ], [ 107.704619, -6.896597 ], [ 107.704591, -6.89674 ], [ 107.70453, -6.897083 ], [ 107.704476, -6.897461 ], [ 107.70443, -6.897764 ], [ 107.704401, -6.897886 ], [ 107.704391, -6.898018 ], [ 107.704387, -6.898153 ], [ 107.704405, -6.898339 ], [ 107.704248, -6.898346 ], [ 107.704052, -6.89836 ], [ 107.703723, -6.898296 ], [ 107.703666, -6.898489 ], [ 107.703623, -6.898646 ], [ 107.703484, -6.898624 ], [ 107.703373, -6.898617 ], [ 107.70317, -6.898535 ], [ 107.702706, -6.898321 ], [ 107.701906, -6.897931 ], [ 107.70187, -6.897997 ], [ 107.701856, -6.898023 ], [ 107.701818, -6.898092 ], [ 107.701676, -6.898524 ], [ 107.701508, -6.899048 ], [ 107.701447, -6.899234 ], [ 107.701344, -6.899548 ], [ 107.701151, -6.899998 ], [ 107.70099, -6.900326 ], [ 107.700895, -6.900533 ], [ 107.70083, -6.900651 ], [ 107.70079, -6.900733 ], [ 107.700997, -6.900836 ], [ 107.701126, -6.900868 ], [ 107.701272, -6.900879 ], [ 107.701444, -6.900868 ], [ 107.701511, -6.900861 ], [ 107.701593, -6.900918 ], [ 107.701736, -6.90104 ], [ 107.70185, -6.901136 ], [ 107.702011, -6.90124 ], [ 107.702157, -6.901275 ], [ 107.702243, -6.901311 ], [ 107.702421, -6.901429 ], [ 107.702632, -6.901529 ], [ 107.702906, -6.901652 ], [ 107.703021, -6.901697 ], [ 107.703677, -6.90193 ], [ 107.704244, -6.90203 ], [ 107.704876, -6.902137 ], [ 107.70494, -6.90215 ], [ 107.704919, -6.902319 ], [ 107.704898, -6.90251 ], [ 107.704849, -6.902684 ], [ 107.704723, -6.903069 ], [ 107.70463, -6.903279 ], [ 107.704551, -6.903408 ], [ 107.704444, -6.903586 ], [ 107.704399, -6.903657 ], [ 107.704291, -6.903826 ], [ 107.704234, -6.903943 ], [ 107.704216, -6.904025 ], [ 107.704227, -6.904122 ], [ 107.70425, -6.904236 ], [ 107.704266, -6.904397 ], [ 107.704287, -6.904536 ], [ 107.704291, -6.904636 ], [ 107.704276, -6.904721 ], [ 107.704216, -6.904968 ], [ 107.704153, -6.905293 ], [ 107.704091, -6.905635 ], [ 107.704062, -6.905828 ], [ 107.703986, -6.906139 ], [ 107.703927, -6.906345 ], [ 107.703834, -6.906638 ], [ 107.703795, -6.90677 ], [ 107.703762, -6.906856 ], [ 107.703762, -6.906956 ], [ 107.703791, -6.907077 ], [ 107.703869, -6.907305 ], [ 107.703956, -6.907616 ], [ 107.703953, -6.907615 ], [ 107.703859, -6.907598 ], [ 107.703748, -6.907552 ], [ 107.703602, -6.907477 ], [ 107.703523, -6.90743 ], [ 107.703391, -6.907327 ], [ 107.703281, -6.907231 ], [ 107.703195, -6.907152 ], [ 107.703152, -6.907145 ], [ 107.703099, -6.907145 ], [ 107.702959, -6.907159 ], [ 107.702845, -6.907173 ], [ 107.702727, -6.907173 ], [ 107.702581, -6.907188 ], [ 107.702538, -6.907209 ], [ 107.70246, -6.907413 ], [ 107.702378, -6.907609 ], [ 107.702256, -6.907816 ], [ 107.702056, -6.908173 ], [ 107.70171, -6.908034 ], [ 107.701503, -6.907948 ], [ 107.70145, -6.907934 ], [ 107.701278, -6.907859 ], [ 107.701046, -6.907766 ], [ 107.700854, -6.907662 ], [ 107.700661, -6.90757 ], [ 107.700611, -6.907559 ], [ 107.700575, -6.907566 ], [ 107.700518, -6.907609 ], [ 107.700468, -6.907655 ], [ 107.700393, -6.907755 ], [ 107.7002, -6.908005 ], [ 107.700111, -6.908116 ], [ 107.70009, -6.90818 ], [ 107.700043, -6.908258 ], [ 107.699997, -6.908291 ], [ 107.699951, -6.908294 ], [ 107.699872, -6.908262 ], [ 107.699801, -6.908226 ], [ 107.699708, -6.908169 ], [ 107.699651, -6.908119 ], [ 107.699604, -6.908059 ], [ 107.699572, -6.908016 ], [ 107.699515, -6.907944 ], [ 107.69934, -6.907794 ], [ 107.699126, -6.907616 ], [ 107.698951, -6.90748 ], [ 107.698891, -6.907452 ], [ 107.698823, -6.907441 ], [ 107.698776, -6.907455 ], [ 107.698705, -6.907487 ], [ 107.698619, -6.907516 ], [ 107.698551, -6.907523 ], [ 107.698434, -6.907527 ], [ 107.698305, -6.907545 ], [ 107.69818, -6.907552 ], [ 107.697844, -6.907394 ], [ 107.697805, -6.907373 ], [ 107.697581, -6.907274 ], [ 107.697319, -6.907154 ], [ 107.697091, -6.90705 ], [ 107.696808, -6.906915 ], [ 107.696635, -6.906874 ], [ 107.69646, -6.906831 ], [ 107.696268, -6.906791 ], [ 107.696104, -6.906754 ], [ 107.696032, -6.906727 ], [ 107.695857, -6.90667 ], [ 107.695693, -6.906592 ], [ 107.695585, -6.906527 ], [ 107.695428, -6.906413 ], [ 107.695257, -6.906258 ], [ 107.695077, -6.906112 ], [ 107.695004, -6.906053 ], [ 107.694786, -6.905935 ], [ 107.694572, -6.905817 ], [ 107.694365, -6.905731 ], [ 107.694251, -6.905696 ], [ 107.694122, -6.90566 ], [ 107.693947, -6.905642 ], [ 107.693812, -6.905624 ], [ 107.693569, -6.905599 ], [ 107.693233, -6.90556 ], [ 107.693026, -6.905521 ], [ 107.692812, -6.905467 ], [ 107.692904, -6.905277 ], [ 107.693104, -6.904863 ], [ 107.69323, -6.90459 ], [ 107.693305, -6.904459 ], [ 107.693379, -6.904388 ], [ 107.693498, -6.904284 ], [ 107.693641, -6.904165 ], [ 107.693763, -6.904007 ], [ 107.693799, -6.903989 ], [ 107.693843, -6.903998 ], [ 107.693903, -6.904019 ], [ 107.694001, -6.904025 ], [ 107.694093, -6.903998 ], [ 107.694139, -6.903944 ], [ 107.694271, -6.903725 ], [ 107.694474, -6.90343 ], [ 107.694551, -6.903299 ], [ 107.694674, -6.903381 ], [ 107.694751, -6.903423 ], [ 107.694817, -6.903266 ], [ 107.694847, -6.903167 ], [ 107.694841, -6.903122 ], [ 107.69473, -6.903003 ], [ 107.694431, -6.90276 ], [ 107.694165, -6.90253 ], [ 107.694112, -6.902482 ], [ 107.694114, -6.902436 ], [ 107.694108, -6.90232 ], [ 107.694093, -6.902282 ], [ 107.694064, -6.902219 ], [ 107.693935, -6.902048 ], [ 107.693782, -6.901919 ], [ 107.693754, -6.901829 ], [ 107.693721, -6.901654 ], [ 107.693712, -6.901547 ], [ 107.69351, -6.901498 ], [ 107.693438, -6.901496 ], [ 107.693356, -6.901454 ], [ 107.69332, -6.90141 ], [ 107.693181, -6.901332 ], [ 107.692992, -6.901252 ], [ 107.692994, -6.901191 ], [ 107.692998, -6.901132 ], [ 107.693038, -6.901007 ], [ 107.693103, -6.900803 ], [ 107.693131, -6.900761 ], [ 107.693185, -6.900687 ], [ 107.693257, -6.900601 ], [ 107.693225, -6.90055 ], [ 107.693164, -6.900582 ], [ 107.69308, -6.900616 ], [ 107.692975, -6.900696 ], [ 107.692937, -6.900746 ], [ 107.692905, -6.900786 ], [ 107.69289, -6.900822 ], [ 107.692886, -6.900854 ], [ 107.692886, -6.900898 ], [ 107.692886, -6.900938 ], [ 107.692874, -6.900971 ], [ 107.692855, -6.901009 ], [ 107.692821, -6.901014 ], [ 107.692796, -6.901016 ], [ 107.692775, -6.901028 ], [ 107.692758, -6.901056 ], [ 107.692745, -6.901096 ], [ 107.692726, -6.901136 ], [ 107.692686, -6.901176 ], [ 107.692642, -6.901218 ], [ 107.692608, -6.901233 ], [ 107.692545, -6.901252 ], [ 107.692513, -6.901267 ], [ 107.692478, -6.901298 ], [ 107.692444, -6.901347 ], [ 107.692421, -6.901431 ], [ 107.692374, -6.901416 ], [ 107.692326, -6.901425 ], [ 107.692267, -6.90142 ], [ 107.692231, -6.901412 ], [ 107.69221, -6.901401 ], [ 107.692187, -6.901399 ], [ 107.692145, -6.901336 ], [ 107.692206, -6.901264 ], [ 107.69228, -6.901073 ], [ 107.692065, -6.900946 ], [ 107.691936, -6.900873 ], [ 107.691782, -6.90079 ], [ 107.691766, -6.900829 ], [ 107.691718, -6.900944 ], [ 107.691698, -6.900993 ], [ 107.691561, -6.900885 ], [ 107.691462, -6.900788 ], [ 107.691367, -6.90067 ], [ 107.691284, -6.900611 ], [ 107.691095, -6.900458 ], [ 107.690978, -6.900391 ], [ 107.690799, -6.900284 ], [ 107.690582, -6.90015 ], [ 107.690457, -6.900046 ], [ 107.690377, -6.899966 ], [ 107.690294, -6.899823 ], [ 107.69024, -6.89974 ], [ 107.690181, -6.899609 ], [ 107.690154, -6.899517 ], [ 107.6901, -6.899431 ], [ 107.690047, -6.899374 ], [ 107.689901, -6.899294 ], [ 107.689797, -6.899264 ], [ 107.689675, -6.899234 ], [ 107.689613, -6.899205 ], [ 107.689562, -6.89916 ], [ 107.689544, -6.899095 ], [ 107.689547, -6.898987 ], [ 107.689607, -6.898782 ], [ 107.689642, -6.898654 ], [ 107.689651, -6.89858 ], [ 107.689645, -6.898512 ], [ 107.689624, -6.898449 ], [ 107.689577, -6.898354 ], [ 107.689494, -6.898229 ], [ 107.689401, -6.898238 ], [ 107.689265, -6.898202 ], [ 107.689226, -6.89814 ], [ 107.689143, -6.898065 ], [ 107.689044, -6.898018 ], [ 107.688982, -6.898009 ], [ 107.688845, -6.898027 ], [ 107.688771, -6.898033 ], [ 107.688714, -6.898009 ], [ 107.688694, -6.897976 ], [ 107.688696, -6.897917 ], [ 107.68872, -6.897839 ], [ 107.688783, -6.897709 ], [ 107.688836, -6.897536 ], [ 107.688875, -6.897369 ], [ 107.688896, -6.897224 ], [ 107.688914, -6.897039 ], [ 107.688899, -6.897035 ], [ 107.688786, -6.897004 ], [ 107.688485, -6.896953 ], [ 107.688375, -6.896935 ], [ 107.688283, -6.896956 ], [ 107.68806, -6.896926 ], [ 107.687887, -6.896897 ], [ 107.687694, -6.896852 ], [ 107.687489, -6.896786 ], [ 107.687364, -6.896783 ], [ 107.687206, -6.896775 ], [ 107.686836, -6.896618 ], [ 107.686814, -6.896608 ], [ 107.686478, -6.896462 ], [ 107.686341, -6.896394 ], [ 107.685713, -6.896049 ], [ 107.685324, -6.89587 ], [ 107.685062, -6.895763 ], [ 107.684645, -6.895603 ], [ 107.684577, -6.895276 ], [ 107.684598, -6.895183 ], [ 107.684616, -6.895073 ], [ 107.684622, -6.894838 ], [ 107.684625, -6.894594 ], [ 107.68461, -6.894461 ], [ 107.684589, -6.894374 ], [ 107.684535, -6.894226 ], [ 107.684425, -6.893979 ], [ 107.68433, -6.89375 ], [ 107.684283, -6.893652 ], [ 107.684232, -6.893604 ], [ 107.684161, -6.893589 ], [ 107.684036, -6.89358 ], [ 107.683822, -6.893586 ], [ 107.683917, -6.893491 ], [ 107.683961, -6.893437 ], [ 107.68403, -6.893318 ], [ 107.68408, -6.893164 ], [ 107.684134, -6.892935 ], [ 107.68389, -6.892896 ], [ 107.683673, -6.892816 ], [ 107.683402, -6.892744 ], [ 107.683274, -6.892691 ], [ 107.683001, -6.892593 ], [ 107.682748, -6.892512 ], [ 107.682685, -6.892495 ], [ 107.682551, -6.892457 ], [ 107.682596, -6.892396 ], [ 107.682656, -6.892321 ], [ 107.682717, -6.892232 ], [ 107.682792, -6.892146 ], [ 107.682894, -6.892022 ], [ 107.682906, -6.892007 ], [ 107.682749, -6.891842 ], [ 107.68261, -6.891773 ], [ 107.681464, -6.891496 ], [ 107.680929, -6.891282 ], [ 107.680865, -6.891254 ], [ 107.680768, -6.891204 ], [ 107.680736, -6.891146 ], [ 107.680736, -6.891089 ], [ 107.680768, -6.891018 ], [ 107.6808, -6.89095 ], [ 107.680814, -6.890885 ], [ 107.68095, -6.890775 ], [ 107.681093, -6.890661 ], [ 107.681182, -6.890508 ], [ 107.681279, -6.890301 ], [ 107.681203, -6.890207 ], [ 107.681172, -6.89014 ], [ 107.681122, -6.890022 ], [ 107.681072, -6.889876 ], [ 107.681014, -6.889733 ], [ 107.68094, -6.88963 ], [ 107.680875, -6.889558 ], [ 107.680758, -6.889501 ], [ 107.680661, -6.889473 ], [ 107.680547, -6.889473 ], [ 107.68044, -6.889498 ], [ 107.680354, -6.889533 ], [ 107.680276, -6.889583 ], [ 107.680186, -6.889637 ], [ 107.680076, -6.88968 ], [ 107.679933, -6.889719 ], [ 107.67978, -6.889715 ], [ 107.679724, -6.889722 ], [ 107.679697, -6.889726 ], [ 107.679655, -6.889901 ], [ 107.679594, -6.890258 ], [ 107.679555, -6.890536 ], [ 107.679533, -6.890786 ], [ 107.679515, -6.89084 ], [ 107.679476, -6.890875 ], [ 107.679369, -6.890929 ], [ 107.679026, -6.891097 ], [ 107.678673, -6.891229 ], [ 107.678602, -6.891271 ], [ 107.678541, -6.891318 ], [ 107.678498, -6.891368 ], [ 107.678466, -6.891428 ], [ 107.678413, -6.891568 ], [ 107.678316, -6.891917 ], [ 107.678273, -6.892085 ], [ 107.678238, -6.892203 ], [ 107.678152, -6.892371 ], [ 107.678045, -6.892599 ], [ 107.677984, -6.892738 ], [ 107.677952, -6.892838 ], [ 107.67794, -6.892833 ], [ 107.677196, -6.892546 ], [ 107.675723, -6.892225 ], [ 107.675507, -6.892149 ], [ 107.67525, -6.892099 ], [ 107.675015, -6.892089 ], [ 107.674754, -6.892064 ], [ 107.674604, -6.892035 ], [ 107.674479, -6.892 ], [ 107.67434, -6.891996 ], [ 107.674234, -6.891995 ], [ 107.674112, -6.892035 ], [ 107.674008, -6.89206 ], [ 107.673876, -6.892117 ], [ 107.673794, -6.892164 ], [ 107.673655, -6.892235 ], [ 107.673548, -6.892242 ], [ 107.67338, -6.892267 ], [ 107.673276, -6.892267 ], [ 107.673062, -6.892217 ], [ 107.672927, -6.892164 ], [ 107.67277, -6.892114 ], [ 107.672677, -6.892035 ], [ 107.672566, -6.891942 ], [ 107.672509, -6.8919 ], [ 107.67242, -6.891857 ], [ 107.672331, -6.891825 ], [ 107.67227, -6.891803 ], [ 107.672202, -6.891792 ], [ 107.672131, -6.891789 ], [ 107.672059, -6.891789 ], [ 107.672031, -6.891807 ], [ 107.672013, -6.891847 ], [ 107.671995, -6.89195 ], [ 107.671956, -6.89205 ], [ 107.671934, -6.892142 ], [ 107.671869, -6.892225 ], [ 107.671827, -6.892207 ], [ 107.67182, -6.892137 ], [ 107.671788, -6.892104 ], [ 107.671709, -6.892029 ], [ 107.671527, -6.891943 ], [ 107.671356, -6.891861 ], [ 107.671263, -6.891797 ], [ 107.671224, -6.891932 ], [ 107.671106, -6.891911 ], [ 107.670846, -6.891872 ], [ 107.670806, -6.891868 ], [ 107.670767, -6.891872 ], [ 107.670749, -6.891893 ], [ 107.670744, -6.891953 ], [ 107.670731, -6.892024 ], [ 107.670716, -6.892131 ], [ 107.670618, -6.892173 ], [ 107.6706, -6.892289 ], [ 107.670216, -6.892215 ], [ 107.669987, -6.892197 ], [ 107.669868, -6.892168 ], [ 107.669661, -6.892168 ], [ 107.669504, -6.89215 ], [ 107.669368, -6.892143 ], [ 107.6693, -6.892139 ], [ 107.6691, -6.892111 ], [ 107.66894, -6.892089 ], [ 107.668835, -6.892083 ], [ 107.668797, -6.892082 ], [ 107.668783, -6.891946 ], [ 107.668777, -6.891895 ], [ 107.668765, -6.891768 ], [ 107.668765, -6.891629 ], [ 107.668772, -6.891468 ], [ 107.668783, -6.891347 ], [ 107.668775, -6.891293 ], [ 107.668758, -6.891247 ], [ 107.668698, -6.891167 ], [ 107.668598, -6.891153 ], [ 107.668348, -6.891135 ], [ 107.668234, -6.891125 ], [ 107.668138, -6.89111 ], [ 107.668123, -6.891082 ], [ 107.66813, -6.891032 ], [ 107.668216, -6.890696 ], [ 107.668262, -6.890521 ], [ 107.668284, -6.890429 ], [ 107.668302, -6.890304 ], [ 107.668327, -6.890239 ], [ 107.668355, -6.890143 ], [ 107.668384, -6.890018 ], [ 107.66842, -6.889918 ], [ 107.66847, -6.889793 ], [ 107.668498, -6.889736 ], [ 107.668623, -6.889468 ], [ 107.668662, -6.889311 ], [ 107.668677, -6.889222 ], [ 107.668734, -6.888994 ], [ 107.668794, -6.888733 ], [ 107.668884, -6.888394 ], [ 107.668957, -6.888112 ], [ 107.669001, -6.888094 ], [ 107.669055, -6.888098 ], [ 107.669219, -6.888148 ], [ 107.669258, -6.888134 ], [ 107.66934, -6.887994 ], [ 107.669562, -6.887505 ], [ 107.66964, -6.88732 ], [ 107.669745, -6.887051 ], [ 107.669805, -6.886872 ], [ 107.669933, -6.886517 ], [ 107.669986, -6.88636 ], [ 107.670011, -6.886235 ], [ 107.670022, -6.88617 ], [ 107.670001, -6.886063 ], [ 107.66994, -6.885967 ], [ 107.669904, -6.885899 ], [ 107.669904, -6.885839 ], [ 107.669911, -6.885756 ], [ 107.66994, -6.885649 ], [ 107.670041, -6.88549 ], [ 107.670144, -6.885472 ], [ 107.670189, -6.885398 ], [ 107.670292, -6.885257 ], [ 107.670216, -6.88521 ], [ 107.670242, -6.885157 ], [ 107.670405, -6.884903 ], [ 107.670469, -6.884815 ], [ 107.670786, -6.884378 ], [ 107.670343, -6.884097 ], [ 107.670259, -6.884055 ], [ 107.670126, -6.88399 ], [ 107.669998, -6.884091 ], [ 107.669803, -6.884233 ], [ 107.669666, -6.884327 ], [ 107.669326, -6.884497 ], [ 107.669237, -6.884554 ], [ 107.669187, -6.884607 ], [ 107.669126, -6.884696 ], [ 107.668998, -6.884964 ], [ 107.668873, -6.88521 ], [ 107.66883, -6.885285 ], [ 107.668726, -6.885425 ], [ 107.668573, -6.885621 ], [ 107.668398, -6.885856 ], [ 107.668173, -6.886128 ], [ 107.66808, -6.886267 ], [ 107.668016, -6.886367 ], [ 107.667981, -6.886442 ], [ 107.667952, -6.886495 ], [ 107.667914, -6.886542 ], [ 107.667856, -6.886606 ], [ 107.667816, -6.886667 ], [ 107.667745, -6.886717 ], [ 107.667663, -6.886734 ], [ 107.667581, -6.886749 ], [ 107.667524, -6.886763 ], [ 107.667492, -6.88677 ], [ 107.667431, -6.886852 ], [ 107.66737, -6.886974 ], [ 107.66732, -6.887098 ], [ 107.667252, -6.887213 ], [ 107.667202, -6.887277 ], [ 107.667106, -6.88738 ], [ 107.667006, -6.887452 ], [ 107.666942, -6.887502 ], [ 107.666888, -6.88758 ], [ 107.666813, -6.887723 ], [ 107.666738, -6.887834 ], [ 107.666628, -6.888009 ], [ 107.666478, -6.888226 ], [ 107.666424, -6.888326 ], [ 107.666292, -6.888569 ], [ 107.666142, -6.888869 ], [ 107.666, -6.889144 ], [ 107.6659, -6.889333 ], [ 107.665832, -6.889451 ], [ 107.665707, -6.889615 ], [ 107.66555, -6.889829 ], [ 107.665325, -6.890172 ], [ 107.664793, -6.889768 ], [ 107.664725, -6.889747 ], [ 107.664511, -6.889761 ], [ 107.664247, -6.889747 ], [ 107.664429, -6.889688 ], [ 107.664572, -6.889615 ], [ 107.664672, -6.889533 ], [ 107.664736, -6.889451 ], [ 107.664779, -6.889383 ], [ 107.664772, -6.889308 ], [ 107.664754, -6.889229 ], [ 107.664715, -6.889172 ], [ 107.664665, -6.889136 ], [ 107.664622, -6.88909 ], [ 107.664593, -6.88904 ], [ 107.664583, -6.888983 ], [ 107.664579, -6.888915 ], [ 107.66459, -6.888847 ], [ 107.664615, -6.888758 ], [ 107.664675, -6.88863 ], [ 107.664754, -6.888512 ], [ 107.664818, -6.888419 ], [ 107.664897, -6.88828 ], [ 107.664929, -6.888198 ], [ 107.665061, -6.887755 ], [ 107.665143, -6.887527 ], [ 107.665286, -6.887159 ], [ 107.665368, -6.886977 ], [ 107.665414, -6.886806 ], [ 107.665439, -6.88672 ], [ 107.665443, -6.886617 ], [ 107.665454, -6.886449 ], [ 107.665456, -6.886414 ], [ 107.665499, -6.886102 ], [ 107.665528, -6.885921 ], [ 107.665558, -6.885738 ], [ 107.665595, -6.885575 ], [ 107.665625, -6.885467 ], [ 107.665661, -6.885346 ], [ 107.665664, -6.885282 ], [ 107.665657, -6.88525 ], [ 107.665656, -6.885245 ], [ 107.665653, -6.885232 ], [ 107.665629, -6.885193 ], [ 107.665527, -6.885095 ], [ 107.665429, -6.885025 ], [ 107.665318, -6.884978 ], [ 107.66525, -6.884925 ], [ 107.665218, -6.884889 ], [ 107.665218, -6.884789 ], [ 107.6652, -6.884704 ], [ 107.665182, -6.884613 ], [ 107.665109, -6.884498 ], [ 107.664949, -6.884394 ], [ 107.664514, -6.884254 ], [ 107.664183, -6.884111 ], [ 107.664135, -6.884072 ], [ 107.663948, -6.883965 ], [ 107.663533, -6.883708 ], [ 107.663462, -6.883893 ], [ 107.663423, -6.883958 ], [ 107.663363, -6.884069 ], [ 107.663304, -6.88419 ], [ 107.663162, -6.884479 ], [ 107.663019, -6.884778 ], [ 107.662952, -6.884889 ], [ 107.662873, -6.885043 ], [ 107.662734, -6.885235 ], [ 107.662605, -6.885414 ], [ 107.662552, -6.885492 ], [ 107.662527, -6.885553 ], [ 107.662495, -6.885617 ], [ 107.662452, -6.885664 ], [ 107.662402, -6.885681 ], [ 107.662313, -6.88566 ], [ 107.662148, -6.88561 ], [ 107.662077, -6.885599 ], [ 107.662016, -6.885642 ], [ 107.66192, -6.885764 ], [ 107.661827, -6.885881 ], [ 107.661731, -6.88601 ], [ 107.661674, -6.886081 ], [ 107.661563, -6.88627 ], [ 107.661467, -6.886438 ], [ 107.661385, -6.886606 ], [ 107.66131, -6.886774 ], [ 107.661245, -6.886941 ], [ 107.661199, -6.887081 ], [ 107.661142, -6.887252 ], [ 107.661096, -6.887352 ], [ 107.661038, -6.887452 ], [ 107.660963, -6.887545 ], [ 107.660871, -6.887641 ], [ 107.660785, -6.887723 ], [ 107.660692, -6.887819 ], [ 107.660628, -6.887894 ], [ 107.660585, -6.887969 ], [ 107.660535, -6.888062 ], [ 107.66045, -6.888255 ], [ 107.660392, -6.888423 ], [ 107.66036, -6.88853 ], [ 107.66031, -6.888637 ], [ 107.660232, -6.88879 ], [ 107.660118, -6.888969 ], [ 107.659964, -6.889197 ], [ 107.659807, -6.889468 ], [ 107.659696, -6.889611 ], [ 107.659547, -6.889818 ], [ 107.659343, -6.890079 ], [ 107.659125, -6.890379 ], [ 107.659078, -6.890443 ], [ 107.658979, -6.890578 ], [ 107.658658, -6.891025 ], [ 107.658432, -6.891342 ], [ 107.65819, -6.891688 ], [ 107.657998, -6.891981 ], [ 107.657876, -6.892173 ], [ 107.657767, -6.892348 ], [ 107.657619, -6.892603 ], [ 107.657537, -6.892723 ], [ 107.657384, -6.892984 ], [ 107.657287, -6.893095 ], [ 107.657154, -6.893213 ], [ 107.657058, -6.893302 ], [ 107.656965, -6.893388 ], [ 107.656917, -6.893457 ], [ 107.656795, -6.893627 ], [ 107.656652, -6.893874 ], [ 107.656502, -6.894123 ], [ 107.656402, -6.894308 ], [ 107.656259, -6.894273 ], [ 107.656127, -6.89419 ], [ 107.656056, -6.894155 ], [ 107.655945, -6.89413 ], [ 107.655788, -6.894115 ], [ 107.655624, -6.894119 ], [ 107.65546, -6.89413 ], [ 107.655331, -6.894183 ], [ 107.655196, -6.894276 ], [ 107.655099, -6.894372 ], [ 107.654996, -6.89448 ], [ 107.654905, -6.89454 ], [ 107.654835, -6.894537 ], [ 107.654728, -6.894512 ], [ 107.654671, -6.894512 ], [ 107.654614, -6.89454 ], [ 107.654525, -6.894594 ], [ 107.654432, -6.894683 ], [ 107.654336, -6.894794 ], [ 107.654304, -6.894786 ], [ 107.654128, -6.89471 ], [ 107.653919, -6.89462 ], [ 107.653685, -6.894528 ], [ 107.653522, -6.894487 ], [ 107.653357, -6.894398 ], [ 107.653268, -6.894355 ], [ 107.653193, -6.894333 ], [ 107.653033, -6.894319 ], [ 107.652658, -6.894294 ], [ 107.652412, -6.89428 ], [ 107.652243, -6.894268 ], [ 107.651869, -6.894212 ], [ 107.651416, -6.894144 ], [ 107.651095, -6.894058 ], [ 107.650721, -6.893892 ], [ 107.650287, -6.893718 ], [ 107.649638, -6.893491 ], [ 107.649435, -6.893412 ], [ 107.649135, -6.893316 ], [ 107.649114, -6.893091 ], [ 107.649096, -6.892859 ], [ 107.6491, -6.892716 ], [ 107.649124, -6.892481 ], [ 107.649129, -6.892282 ], [ 107.649114, -6.892185 ], [ 107.649078, -6.89212 ], [ 107.649032, -6.89207 ], [ 107.648928, -6.892013 ], [ 107.648775, -6.89196 ], [ 107.648589, -6.891906 ], [ 107.648468, -6.891849 ], [ 107.648406, -6.891801 ], [ 107.64835, -6.891756 ], [ 107.648294, -6.891706 ], [ 107.648036, -6.891472 ], [ 107.647947, -6.891378 ], [ 107.647861, -6.891389 ], [ 107.647718, -6.891414 ], [ 107.64764, -6.891431 ], [ 107.647554, -6.891474 ], [ 107.647465, -6.891528 ], [ 107.647347, -6.891567 ], [ 107.647265, -6.89161 ], [ 107.647154, -6.891656 ], [ 107.647076, -6.891685 ], [ 107.646908, -6.891703 ], [ 107.646665, -6.891721 ], [ 107.646544, -6.891717 ], [ 107.646437, -6.89166 ], [ 107.646262, -6.891535 ], [ 107.646034, -6.891378 ], [ 107.645905, -6.891307 ], [ 107.645798, -6.891264 ], [ 107.645694, -6.891182 ], [ 107.645898, -6.891032 ], [ 107.646076, -6.890917 ], [ 107.646262, -6.890773 ], [ 107.646314, -6.890732 ], [ 107.646984, -6.889983 ], [ 107.6471, -6.889848 ], [ 107.646851, -6.889692 ], [ 107.646698, -6.889596 ], [ 107.646826, -6.889289 ], [ 107.646555, -6.889153 ], [ 107.64679, -6.888532 ], [ 107.646844, -6.888372 ], [ 107.646391, -6.888279 ], [ 107.645994, -6.888122 ], [ 107.64582, -6.888521 ], [ 107.645715, -6.888742 ], [ 107.645597, -6.888988 ], [ 107.645566, -6.889053 ], [ 107.645491, -6.889264 ], [ 107.645444, -6.889405 ], [ 107.64542, -6.889478 ], [ 107.645345, -6.88946 ], [ 107.645094, -6.889953 ], [ 107.645058, -6.890003 ], [ 107.644984, -6.890161 ], [ 107.644829, -6.890515 ], [ 107.644787, -6.890615 ], [ 107.644683, -6.890863 ], [ 107.644594, -6.891062 ], [ 107.644549, -6.891196 ], [ 107.644424, -6.89149 ], [ 107.644368, -6.891597 ], [ 107.644195, -6.891815 ], [ 107.644194, -6.891817 ], [ 107.644088, -6.891951 ], [ 107.644044, -6.892002 ], [ 107.643931, -6.892421 ], [ 107.643834, -6.892938 ], [ 107.643798, -6.893133 ], [ 107.643778, -6.89315 ], [ 107.643739, -6.893158 ], [ 107.643341, -6.893006 ], [ 107.643217, -6.893025 ], [ 107.642928, -6.892811 ], [ 107.642857, -6.892748 ], [ 107.642958, -6.89254 ], [ 107.642524, -6.892262 ], [ 107.642075, -6.891993 ], [ 107.641786, -6.891815 ], [ 107.641543, -6.891687 ], [ 107.640681, -6.891273 ], [ 107.640335, -6.890953 ], [ 107.640262, -6.890878 ], [ 107.640175, -6.89079 ], [ 107.639954, -6.890574 ], [ 107.639664, -6.890336 ], [ 107.639244, -6.890002 ], [ 107.639173, -6.889931 ], [ 107.639087, -6.889935 ], [ 107.63904, -6.889916 ], [ 107.639073, -6.889802 ], [ 107.638987, -6.889583 ], [ 107.638522, -6.889481 ], [ 107.63782, -6.889326 ], [ 107.637792, -6.889321 ], [ 107.637788, -6.889321 ], [ 107.637791, -6.88924 ], [ 107.637771, -6.88902 ], [ 107.63775, -6.888871 ], [ 107.637708, -6.888654 ], [ 107.637673, -6.888443 ], [ 107.637527, -6.888303 ], [ 107.637414, -6.888158 ], [ 107.637322, -6.888024 ], [ 107.637431, -6.887944 ], [ 107.637503, -6.887802 ], [ 107.63754, -6.887406 ], [ 107.637561, -6.887288 ], [ 107.637701, -6.887105 ], [ 107.637979, -6.886844 ], [ 107.638132, -6.886692 ], [ 107.638067, -6.886625 ], [ 107.63793, -6.886477 ], [ 107.637808, -6.886324 ], [ 107.637679, -6.886416 ], [ 107.637509, -6.886524 ], [ 107.637245, -6.886726 ], [ 107.637153, -6.886663 ], [ 107.63709, -6.886621 ], [ 107.637012, -6.886593 ], [ 107.636974, -6.886579 ], [ 107.636908, -6.886534 ], [ 107.636828, -6.886475 ], [ 107.63675, -6.886541 ], [ 107.63667, -6.886528 ], [ 107.636622, -6.886528 ], [ 107.636592, -6.886536 ], [ 107.636489, -6.886557 ], [ 107.636409, -6.886568 ], [ 107.636413, -6.88652 ], [ 107.636422, -6.886475 ], [ 107.636439, -6.886425 ], [ 107.63636, -6.886377 ], [ 107.636327, -6.88641 ], [ 107.636222, -6.886333 ], [ 107.636125, -6.886428 ], [ 107.63605, -6.886546 ], [ 107.635993, -6.886614 ], [ 107.635907, -6.88671 ], [ 107.63585, -6.88681 ], [ 107.635814, -6.886928 ], [ 107.6358, -6.887035 ], [ 107.635761, -6.887202 ], [ 107.635822, -6.887238 ], [ 107.635779, -6.887413 ], [ 107.635714, -6.887399 ], [ 107.635593, -6.887381 ], [ 107.635579, -6.887499 ], [ 107.635554, -6.887606 ], [ 107.635522, -6.887731 ], [ 107.635411, -6.887713 ], [ 107.6354, -6.887763 ], [ 107.635404, -6.887838 ], [ 107.635393, -6.887909 ], [ 107.63539, -6.887977 ], [ 107.635389, -6.888111 ], [ 107.63538, -6.8882 ], [ 107.635375, -6.888278 ], [ 107.635366, -6.88841 ], [ 107.635353, -6.88841 ], [ 107.635283, -6.888412 ], [ 107.635218, -6.888409 ], [ 107.63514, -6.888402 ], [ 107.635011, -6.888405 ], [ 107.634919, -6.888398 ], [ 107.634715, -6.88837 ], [ 107.63449, -6.88833 ], [ 107.634455, -6.88832 ], [ 107.634405, -6.888273 ], [ 107.634233, -6.888223 ], [ 107.634062, -6.888173 ], [ 107.633895, -6.888122 ], [ 107.633863, -6.88828 ], [ 107.633844, -6.888555 ], [ 107.633838, -6.888674 ], [ 107.633827, -6.88887 ], [ 107.633817, -6.889091 ], [ 107.633781, -6.889263 ], [ 107.63372, -6.889391 ], [ 107.633589, -6.889668 ], [ 107.633243, -6.889507 ], [ 107.63315, -6.889482 ], [ 107.633068, -6.889475 ], [ 107.633018, -6.889479 ], [ 107.632978, -6.889522 ], [ 107.632943, -6.889557 ], [ 107.632907, -6.889564 ], [ 107.632846, -6.889564 ], [ 107.632671, -6.889514 ], [ 107.632443, -6.889436 ], [ 107.632407, -6.8894 ], [ 107.6324, -6.889361 ], [ 107.632411, -6.889307 ], [ 107.632428, -6.889258 ], [ 107.632464, -6.889201 ], [ 107.632514, -6.889124 ], [ 107.632526, -6.889068 ], [ 107.632538, -6.888999 ], [ 107.632538, -6.888824 ], [ 107.632544, -6.88877 ], [ 107.632562, -6.888681 ], [ 107.632565, -6.888616 ], [ 107.632565, -6.888559 ], [ 107.632544, -6.888446 ], [ 107.6325, -6.888336 ], [ 107.63247, -6.888259 ], [ 107.632461, -6.888205 ], [ 107.63247, -6.888143 ], [ 107.6325, -6.888092 ], [ 107.632535, -6.888041 ], [ 107.63258, -6.888015 ], [ 107.632663, -6.887997 ], [ 107.63272, -6.88797 ], [ 107.632782, -6.887908 ], [ 107.6328, -6.887857 ], [ 107.632815, -6.887798 ], [ 107.632827, -6.887708 ], [ 107.63283, -6.887616 ], [ 107.632839, -6.887551 ], [ 107.632851, -6.887482 ], [ 107.632865, -6.887426 ], [ 107.632892, -6.887387 ], [ 107.632937, -6.887334 ], [ 107.632972, -6.887307 ], [ 107.633008, -6.887265 ], [ 107.633014, -6.887215 ], [ 107.632999, -6.887116 ], [ 107.632987, -6.887 ], [ 107.63299, -6.886947 ], [ 107.633014, -6.886896 ], [ 107.633065, -6.886828 ], [ 107.63313, -6.886754 ], [ 107.633169, -6.886706 ], [ 107.633187, -6.886658 ], [ 107.633204, -6.88656 ], [ 107.63321, -6.886349 ], [ 107.633213, -6.886215 ], [ 107.633225, -6.886132 ], [ 107.633246, -6.886025 ], [ 107.633264, -6.885909 ], [ 107.633264, -6.885829 ], [ 107.633258, -6.885745 ], [ 107.633246, -6.88565 ], [ 107.633246, -6.885588 ], [ 107.633246, -6.885537 ], [ 107.633255, -6.885481 ], [ 107.63327, -6.88543 ], [ 107.633309, -6.885341 ], [ 107.633344, -6.885258 ], [ 107.633383, -6.885147 ], [ 107.633419, -6.885023 ], [ 107.633445, -6.88496 ], [ 107.633475, -6.884915 ], [ 107.633514, -6.884892 ], [ 107.633558, -6.884886 ], [ 107.633612, -6.884898 ], [ 107.633689, -6.884898 ], [ 107.633749, -6.884886 ], [ 107.633823, -6.884862 ], [ 107.633874, -6.88482 ], [ 107.633895, -6.88477 ], [ 107.633895, -6.884722 ], [ 107.63388, -6.884681 ], [ 107.633838, -6.884642 ], [ 107.633689, -6.884526 ], [ 107.633633, -6.884484 ], [ 107.6336, -6.884454 ], [ 107.633591, -6.884407 ], [ 107.633587, -6.884316 ], [ 107.63358, -6.884225 ], [ 107.633576, -6.884115 ], [ 107.63357, -6.884078 ], [ 107.633561, -6.884029 ], [ 107.633544, -6.883955 ], [ 107.633499, -6.883889 ], [ 107.633413, -6.883824 ], [ 107.633371, -6.883767 ], [ 107.63332, -6.883672 ], [ 107.633258, -6.883562 ], [ 107.633204, -6.883461 ], [ 107.633148, -6.88339 ], [ 107.633071, -6.88333 ], [ 107.632984, -6.883271 ], [ 107.632868, -6.883214 ], [ 107.632767, -6.883184 ], [ 107.632651, -6.883158 ], [ 107.632541, -6.883134 ], [ 107.632458, -6.883113 ], [ 107.632422, -6.88308 ], [ 107.632395, -6.883033 ], [ 107.632395, -6.882944 ], [ 107.632321, -6.882902 ], [ 107.632268, -6.88286 ], [ 107.632238, -6.88281 ], [ 107.63219, -6.882765 ], [ 107.632119, -6.88272 ], [ 107.632083, -6.882685 ], [ 107.63203, -6.882649 ], [ 107.631979, -6.882607 ], [ 107.631899, -6.882572 ], [ 107.631812, -6.882548 ], [ 107.631753, -6.882533 ], [ 107.631682, -6.88253 ], [ 107.631619, -6.882536 ], [ 107.631578, -6.882556 ], [ 107.631416, -6.882732 ], [ 107.631269, -6.882804 ], [ 107.631083, -6.882827 ], [ 107.630893, -6.882794 ], [ 107.630683, -6.882718 ], [ 107.630588, -6.882661 ], [ 107.630521, -6.882585 ], [ 107.630393, -6.882385 ], [ 107.630279, -6.882223 ], [ 107.630193, -6.882023 ], [ 107.630136, -6.881885 ], [ 107.630079, -6.881733 ], [ 107.630003, -6.88159 ], [ 107.62987, -6.881433 ], [ 107.629751, -6.881338 ], [ 107.629712, -6.881247 ], [ 107.629684, -6.881147 ], [ 107.629665, -6.881048 ], [ 107.629651, -6.880943 ], [ 107.629632, -6.880891 ], [ 107.629579, -6.880824 ], [ 107.629517, -6.880762 ], [ 107.62947, -6.880676 ], [ 107.629422, -6.880567 ], [ 107.629422, -6.880386 ], [ 107.629427, -6.880291 ], [ 107.62947, -6.880105 ], [ 107.62956, -6.879934 ], [ 107.629636, -6.87982 ], [ 107.629698, -6.879725 ], [ 107.629698, -6.879658 ], [ 107.629693, -6.879601 ], [ 107.629684, -6.879553 ], [ 107.629651, -6.879463 ], [ 107.629608, -6.879391 ], [ 107.629613, -6.879306 ], [ 107.629677, -6.879171 ], [ 107.629781, -6.879061 ], [ 107.629909, -6.878868 ], [ 107.629948, -6.878778 ], [ 107.629963, -6.878671 ], [ 107.629951, -6.878561 ], [ 107.629934, -6.878427 ], [ 107.629913, -6.878284 ], [ 107.629889, -6.878206 ], [ 107.629859, -6.878045 ], [ 107.629818, -6.877816 ], [ 107.629813, -6.877616 ], [ 107.629824, -6.87757 ], [ 107.629841, -6.877456 ], [ 107.629863, -6.877407 ], [ 107.629915, -6.877333 ], [ 107.629966, -6.877259 ], [ 107.630109, -6.877177 ], [ 107.63017, -6.877142 ], [ 107.630223, -6.87707 ], [ 107.630223, -6.876952 ], [ 107.630196, -6.876752 ], [ 107.630054, -6.876307 ], [ 107.629866, -6.875668 ], [ 107.629827, -6.875532 ], [ 107.629791, -6.875464 ], [ 107.629745, -6.875418 ], [ 107.629699, -6.875375 ], [ 107.629663, -6.875314 ], [ 107.629654, -6.875218 ], [ 107.629677, -6.875079 ], [ 107.629699, -6.874968 ], [ 107.629727, -6.874872 ], [ 107.629777, -6.874754 ], [ 107.629838, -6.8747 ], [ 107.629913, -6.874661 ], [ 107.629973, -6.874611 ], [ 107.630045, -6.874511 ], [ 107.630051, -6.874505 ], [ 107.630148, -6.874401 ], [ 107.630259, -6.874329 ], [ 107.63033, -6.874254 ], [ 107.630341, -6.874183 ], [ 107.630338, -6.874069 ], [ 107.630334, -6.873937 ], [ 107.63034, -6.873912 ], [ 107.630366, -6.873801 ], [ 107.630405, -6.87363 ], [ 107.63037, -6.87348 ], [ 107.630334, -6.873326 ], [ 107.630284, -6.873101 ], [ 107.630277, -6.872998 ], [ 107.63028, -6.872916 ], [ 107.630295, -6.872866 ], [ 107.630338, -6.872805 ], [ 107.63043, -6.872741 ], [ 107.630559, -6.872612 ], [ 107.630684, -6.87242 ], [ 107.630698, -6.872338 ], [ 107.630687, -6.872273 ], [ 107.630659, -6.872191 ], [ 107.630559, -6.87207 ], [ 107.63043, -6.871952 ], [ 107.630387, -6.871895 ], [ 107.630366, -6.871831 ], [ 107.630359, -6.871752 ], [ 107.63033, -6.871699 ], [ 107.630263, -6.871617 ], [ 107.630152, -6.871481 ], [ 107.630006, -6.871309 ], [ 107.630007, -6.871226 ], [ 107.630049, -6.871143 ], [ 107.630085, -6.871069 ], [ 107.630108, -6.871024 ], [ 107.629899, -6.870838 ], [ 107.629846, -6.870929 ], [ 107.629757, -6.871 ], [ 107.62968, -6.871048 ], [ 107.629603, -6.871107 ], [ 107.629546, -6.871192 ], [ 107.629495, -6.871262 ], [ 107.629466, -6.871334 ], [ 107.629401, -6.871313 ], [ 107.629359, -6.871441 ], [ 107.629145, -6.871377 ], [ 107.628845, -6.87132 ], [ 107.628652, -6.87132 ], [ 107.628523, -6.87132 ], [ 107.628508, -6.871323 ], [ 107.628202, -6.87137 ], [ 107.627396, -6.871484 ], [ 107.627381, -6.871399 ], [ 107.627353, -6.871113 ], [ 107.627274, -6.87072 ], [ 107.627181, -6.870371 ], [ 107.627083, -6.870111 ], [ 107.627028, -6.87 ], [ 107.627089, -6.869935 ], [ 107.627017, -6.8697 ], [ 107.627103, -6.869693 ], [ 107.627189, -6.869243 ], [ 107.627524, -6.869307 ], [ 107.627526, -6.869297 ], [ 107.627574, -6.868979 ], [ 107.627341, -6.868917 ], [ 107.627253, -6.868893 ], [ 107.627253, -6.868734 ], [ 107.627253, -6.868693 ], [ 107.627289, -6.868308 ], [ 107.627008, -6.868228 ], [ 107.62691, -6.868201 ], [ 107.626639, -6.868139 ], [ 107.626636, -6.868091 ], [ 107.626624, -6.867909 ], [ 107.626621, -6.867862 ], [ 107.626582, -6.867558 ], [ 107.626595, -6.867378 ], [ 107.626603, -6.867273 ], [ 107.626628, -6.866997 ], [ 107.626407, -6.866878 ], [ 107.626437, -6.866593 ], [ 107.626491, -6.866349 ], [ 107.626437, -6.86626 ], [ 107.626399, -6.866215 ], [ 107.6263, -6.866099 ], [ 107.626259, -6.866236 ], [ 107.626169, -6.866224 ], [ 107.626164, -6.866349 ], [ 107.626133, -6.866425 ], [ 107.626033, -6.866682 ], [ 107.625587, -6.866377 ], [ 107.625544, -6.866347 ], [ 107.62543, -6.866455 ], [ 107.625248, -6.866616 ], [ 107.625123, -6.866702 ], [ 107.624894, -6.866852 ], [ 107.62477, -6.866934 ], [ 107.624634, -6.867055 ], [ 107.624572, -6.867126 ], [ 107.623903, -6.866646 ], [ 107.62376, -6.866551 ], [ 107.623784, -6.86645 ], [ 107.623832, -6.866391 ], [ 107.623867, -6.866325 ], [ 107.623873, -6.866242 ], [ 107.623921, -6.866111 ], [ 107.623963, -6.866063 ], [ 107.62401, -6.865992 ], [ 107.624028, -6.865927 ], [ 107.62404, -6.865867 ], [ 107.624046, -6.865814 ], [ 107.624117, -6.865808 ], [ 107.624206, -6.86582 ], [ 107.624319, -6.86579 ], [ 107.624397, -6.865802 ], [ 107.624569, -6.865712 ], [ 107.624635, -6.865665 ], [ 107.624688, -6.865611 ], [ 107.624736, -6.865564 ], [ 107.624766, -6.865516 ], [ 107.624778, -6.865417 ], [ 107.624807, -6.865356 ], [ 107.624855, -6.865314 ], [ 107.624926, -6.865237 ], [ 107.625039, -6.865135 ], [ 107.625122, -6.865028 ], [ 107.625146, -6.864961 ], [ 107.625222, -6.864918 ], [ 107.625335, -6.864779 ], [ 107.625346, -6.864765 ], [ 107.625527, -6.864594 ], [ 107.625432, -6.864504 ], [ 107.625389, -6.864456 ], [ 107.625503, -6.864385 ], [ 107.625632, -6.86429 ], [ 107.625822, -6.864152 ], [ 107.625817, -6.863952 ], [ 107.625946, -6.863842 ], [ 107.626041, -6.863771 ], [ 107.626197, -6.863638 ], [ 107.626122, -6.863564 ], [ 107.625844, -6.8633 ], [ 107.625726, -6.863261 ], [ 107.625337, -6.863172 ], [ 107.625173, -6.863143 ], [ 107.625133, -6.86315 ], [ 107.625056, -6.862944 ], [ 107.62498, -6.862733 ], [ 107.624951, -6.862676 ], [ 107.624918, -6.862629 ], [ 107.624899, -6.8626 ], [ 107.62487, -6.862548 ], [ 107.624842, -6.862514 ], [ 107.62478, -6.862462 ], [ 107.624756, -6.862419 ], [ 107.624742, -6.862372 ], [ 107.624737, -6.862329 ], [ 107.624737, -6.862277 ], [ 107.624737, -6.862234 ], [ 107.624728, -6.862177 ], [ 107.624718, -6.862129 ], [ 107.624666, -6.862048 ], [ 107.624628, -6.862 ], [ 107.624575, -6.861962 ], [ 107.624532, -6.861958 ], [ 107.624494, -6.861981 ], [ 107.624413, -6.862124 ], [ 107.624158, -6.862001 ], [ 107.62415, -6.861997 ], [ 107.623933, -6.861886 ], [ 107.62378, -6.862043 ], [ 107.623549, -6.86237 ], [ 107.623493, -6.86241 ], [ 107.62346, -6.862435 ], [ 107.623456, -6.862438 ], [ 107.623442, -6.862448 ], [ 107.623247, -6.862679 ], [ 107.623145, -6.862799 ], [ 107.622979, -6.862929 ], [ 107.622883, -6.863003 ], [ 107.622844, -6.86293 ], [ 107.62284, -6.862923 ], [ 107.622801, -6.862893 ], [ 107.622763, -6.862864 ], [ 107.622718, -6.862826 ], [ 107.622707, -6.862817 ], [ 107.622631, -6.862754 ], [ 107.622581, -6.86268 ], [ 107.622439, -6.86247 ], [ 107.62244, -6.862467 ], [ 107.622499, -6.862349 ], [ 107.622542, -6.862206 ], [ 107.622542, -6.862205 ], [ 107.622533, -6.862154 ], [ 107.622515, -6.862055 ], [ 107.622522, -6.86196 ], [ 107.622527, -6.861878 ], [ 107.622538, -6.861651 ], [ 107.622518, -6.86152 ], [ 107.622518, -6.861518 ], [ 107.622568, -6.861417 ], [ 107.622586, -6.861385 ], [ 107.622684, -6.861208 ], [ 107.622684, -6.861207 ], [ 107.622645, -6.861115 ], [ 107.622586, -6.861041 ], [ 107.62255, -6.860995 ], [ 107.622354, -6.860897 ], [ 107.622347, -6.860818 ], [ 107.622346, -6.860806 ], [ 107.622414, -6.860599 ], [ 107.622453, -6.860407 ], [ 107.622476, -6.860301 ], [ 107.622507, -6.86016 ], [ 107.622498, -6.860101 ], [ 107.622481, -6.859982 ], [ 107.622477, -6.859973 ], [ 107.622375, -6.859739 ], [ 107.62236, -6.859684 ], [ 107.622334, -6.859651 ], [ 107.622294, -6.859601 ], [ 107.622264, -6.859551 ], [ 107.622232, -6.859497 ], [ 107.622229, -6.859423 ], [ 107.622227, -6.859345 ], [ 107.622226, -6.859342 ], [ 107.6222, -6.859199 ], [ 107.622129, -6.85907 ], [ 107.621936, -6.858667 ], [ 107.621872, -6.858132 ], [ 107.621872, -6.85813 ], [ 107.621766, -6.857924 ], [ 107.621633, -6.857813 ], [ 107.621589, -6.857738 ], [ 107.621588, -6.857736 ], [ 107.621599, -6.857626 ], [ 107.621643, -6.857525 ], [ 107.621814, -6.857343 ], [ 107.621888, -6.857283 ], [ 107.6219, -6.857274 ], [ 107.6219, -6.857273 ], [ 107.621906, -6.857256 ], [ 107.622011, -6.856951 ], [ 107.622035, -6.856904 ], [ 107.62205, -6.856872 ], [ 107.62205, -6.856871 ], [ 107.622033, -6.856753 ], [ 107.621944, -6.856613 ], [ 107.621872, -6.856464 ], [ 107.621834, -6.856232 ], [ 107.621829, -6.856203 ], [ 107.621829, -6.856199 ], [ 107.621851, -6.856048 ], [ 107.621857, -6.856044 ], [ 107.621858, -6.856044 ], [ 107.621856, -6.856042 ], [ 107.621758, -6.855953 ], [ 107.621624, -6.855889 ], [ 107.621342, -6.855756 ], [ 107.621296, -6.855723 ], [ 107.621283, -6.855713 ], [ 107.621188, -6.855606 ], [ 107.62117, -6.855563 ], [ 107.621136, -6.855482 ], [ 107.621059, -6.855345 ], [ 107.621052, -6.855327 ], [ 107.621023, -6.855258 ], [ 107.621023, -6.855254 ], [ 107.621019, -6.855193 ], [ 107.621, -6.854876 ], [ 107.620952, -6.854827 ], [ 107.620936, -6.85481 ], [ 107.620604, -6.854595 ], [ 107.62054, -6.854561 ], [ 107.620468, -6.854496 ], [ 107.620438, -6.854445 ], [ 107.620385, -6.854356 ], [ 107.620382, -6.85427 ], [ 107.620382, -6.854258 ], [ 107.62042, -6.854141 ], [ 107.620458, -6.854029 ], [ 107.62048, -6.853962 ], [ 107.620481, -6.85396 ], [ 107.620454, -6.853872 ], [ 107.620379, -6.853809 ], [ 107.620346, -6.853828 ], [ 107.620317, -6.853846 ], [ 107.620273, -6.853873 ], [ 107.620239, -6.853894 ], [ 107.620182, -6.853844 ], [ 107.62014, -6.853816 ], [ 107.620088, -6.853782 ], [ 107.620011, -6.853731 ], [ 107.619972, -6.853707 ], [ 107.6195, -6.853338 ], [ 107.619488, -6.853338 ], [ 107.619356, -6.853332 ], [ 107.619193, -6.853196 ], [ 107.619135, -6.853062 ], [ 107.619104, -6.852989 ], [ 107.619096, -6.85297 ], [ 107.619037, -6.852832 ], [ 107.618907, -6.852676 ], [ 107.618877, -6.852634 ], [ 107.618849, -6.852595 ], [ 107.618804, -6.852532 ], [ 107.618801, -6.852503 ], [ 107.618787, -6.852355 ], [ 107.618767, -6.852226 ], [ 107.618761, -6.852186 ], [ 107.618743, -6.852134 ], [ 107.618716, -6.852055 ], [ 107.61867, -6.851962 ], [ 107.618632, -6.851885 ], [ 107.618592, -6.851804 ], [ 107.618541, -6.8517 ], [ 107.618545, -6.851678 ], [ 107.618563, -6.851583 ], [ 107.618593, -6.851456 ], [ 107.618647, -6.851234 ], [ 107.618658, -6.851193 ], [ 107.618714, -6.850981 ], [ 107.618786, -6.850874 ], [ 107.618846, -6.850785 ], [ 107.618617, -6.850648 ], [ 107.61826, -6.850519 ], [ 107.618039, -6.850448 ], [ 107.61775, -6.850444 ], [ 107.617532, -6.850441 ], [ 107.617125, -6.850469 ], [ 107.616661, -6.850312 ], [ 107.616299, -6.850069 ], [ 107.616269, -6.850048 ], [ 107.61604, -6.849813 ], [ 107.615884, -6.84957 ], [ 107.615822, -6.849448 ], [ 107.615783, -6.849341 ], [ 107.615769, -6.849301 ], [ 107.615691, -6.849081 ], [ 107.615734, -6.84886 ], [ 107.615738, -6.848846 ], [ 107.615776, -6.848717 ], [ 107.615812, -6.848474 ], [ 107.615833, -6.848303 ], [ 107.615869, -6.848053 ], [ 107.615879, -6.847985 ], [ 107.615912, -6.847747 ], [ 107.615961, -6.847564 ], [ 107.615983, -6.847468 ], [ 107.616056, -6.847337 ], [ 107.616031, -6.847321 ], [ 107.61603, -6.847275 ], [ 107.616028, -6.847219 ], [ 107.616043, -6.847144 ], [ 107.615989, -6.84714 ], [ 107.615936, -6.847135 ], [ 107.615927, -6.847134 ], [ 107.615894, -6.847141 ], [ 107.615869, -6.847146 ], [ 107.615845, -6.847242 ], [ 107.615834, -6.847287 ], [ 107.615825, -6.847322 ], [ 107.615823, -6.84733 ], [ 107.61578, -6.847442 ], [ 107.615674, -6.847712 ], [ 107.615604, -6.847831 ], [ 107.615569, -6.84789 ], [ 107.615534, -6.847957 ], [ 107.615375, -6.848255 ], [ 107.615369, -6.848266 ], [ 107.615334, -6.848318 ], [ 107.615288, -6.848385 ], [ 107.615239, -6.848414 ], [ 107.615195, -6.84844 ], [ 107.61506, -6.84852 ], [ 107.61501, -6.848556 ], [ 107.61491, -6.848627 ], [ 107.614909, -6.848628 ], [ 107.614834, -6.848739 ], [ 107.614828, -6.848756 ], [ 107.614823, -6.848769 ], [ 107.61479, -6.848859 ], [ 107.614771, -6.84891 ], [ 107.61469, -6.848971 ], [ 107.614597, -6.849042 ], [ 107.614594, -6.849044 ], [ 107.614588, -6.849048 ], [ 107.614454, -6.849182 ], [ 107.614332, -6.849304 ], [ 107.614199, -6.849349 ], [ 107.614154, -6.849364 ], [ 107.614078, -6.849363 ], [ 107.613922, -6.849361 ], [ 107.613838, -6.849362 ], [ 107.613831, -6.84936 ], [ 107.613825, -6.849359 ], [ 107.61378, -6.849327 ], [ 107.613742, -6.8493 ], [ 107.613705, -6.849231 ], [ 107.613675, -6.849194 ], [ 107.613616, -6.849158 ], [ 107.613602, -6.849149 ], [ 107.613488, -6.849077 ], [ 107.61344, -6.849061 ], [ 107.613384, -6.849043 ], [ 107.61335, -6.849051 ], [ 107.613214, -6.849084 ], [ 107.613164, -6.849117 ], [ 107.613118, -6.849147 ], [ 107.613059, -6.849254 ], [ 107.61301, -6.849441 ], [ 107.612959, -6.849593 ], [ 107.612854, -6.84972 ], [ 107.612825, -6.849735 ], [ 107.61279, -6.849754 ], [ 107.612749, -6.84973 ], [ 107.612733, -6.849722 ], [ 107.612713, -6.849701 ], [ 107.612692, -6.849679 ], [ 107.612586, -6.849619 ], [ 107.61258, -6.849616 ], [ 107.612386, -6.849603 ], [ 107.61187, -6.849775 ], [ 107.611862, -6.849778 ], [ 107.611419, -6.849858 ], [ 107.611394, -6.850009 ], [ 107.611393, -6.850033 ], [ 107.611392, -6.850055 ], [ 107.611389, -6.85011 ], [ 107.611389, -6.850113 ], [ 107.611474, -6.850237 ], [ 107.611473, -6.85046 ], [ 107.611473, -6.850479 ], [ 107.611428, -6.850589 ], [ 107.611402, -6.850633 ], [ 107.611392, -6.850646 ], [ 107.611328, -6.850729 ], [ 107.611292, -6.850761 ], [ 107.611291, -6.850761 ], [ 107.611217, -6.850806 ], [ 107.611132, -6.850839 ], [ 107.611102, -6.850844 ], [ 107.611081, -6.850846 ], [ 107.611018, -6.85086 ], [ 107.611009, -6.850862 ], [ 107.611004, -6.850866 ], [ 107.610977, -6.850893 ], [ 107.610937, -6.850991 ], [ 107.610898, -6.851069 ], [ 107.61088, -6.851106 ], [ 107.610873, -6.851114 ], [ 107.610864, -6.851126 ], [ 107.610765, -6.851253 ], [ 107.610732, -6.851305 ], [ 107.610725, -6.851316 ], [ 107.61072, -6.851324 ], [ 107.610699, -6.851351 ], [ 107.610631, -6.851436 ], [ 107.610422, -6.851563 ], [ 107.610117, -6.851765 ], [ 107.610063, -6.851825 ], [ 107.61003, -6.851861 ], [ 107.609978, -6.851959 ], [ 107.609972, -6.851971 ], [ 107.609952, -6.851996 ], [ 107.609868, -6.852105 ], [ 107.60985, -6.852128 ], [ 107.6098, -6.852191 ], [ 107.609713, -6.852308 ], [ 107.609614, -6.85241 ], [ 107.609606, -6.852721 ], [ 107.609606, -6.852722 ], [ 107.609467, -6.85323 ], [ 107.609431, -6.853361 ], [ 107.60941, -6.853417 ], [ 107.609393, -6.853463 ], [ 107.609352, -6.853575 ], [ 107.609342, -6.853601 ], [ 107.609342, -6.853602 ], [ 107.609343, -6.853609 ], [ 107.609359, -6.853739 ], [ 107.60937, -6.853793 ], [ 107.609379, -6.853842 ], [ 107.609385, -6.853871 ], [ 107.609387, -6.85388 ], [ 107.609387, -6.853881 ], [ 107.609366, -6.853957 ], [ 107.609357, -6.853988 ], [ 107.609341, -6.854004 ], [ 107.609288, -6.854056 ], [ 107.609248, -6.854083 ], [ 107.60924, -6.854088 ], [ 107.609193, -6.854123 ], [ 107.609102, -6.85419 ], [ 107.609055, -6.854265 ], [ 107.609049, -6.854299 ], [ 107.609049, -6.8543 ], [ 107.609077, -6.854416 ], [ 107.609088, -6.85446 ], [ 107.609083, -6.854557 ], [ 107.609082, -6.854558 ], [ 107.608967, -6.854685 ], [ 107.608939, -6.854721 ], [ 107.608915, -6.854752 ], [ 107.608885, -6.854789 ], [ 107.608867, -6.854878 ], [ 107.608866, -6.854881 ], [ 107.608935, -6.854969 ], [ 107.608998, -6.855013 ], [ 107.609084, -6.855073 ], [ 107.609101, -6.855084 ], [ 107.609113, -6.855093 ], [ 107.609141, -6.855123 ], [ 107.609171, -6.855155 ], [ 107.609177, -6.855184 ], [ 107.609185, -6.855224 ], [ 107.609185, -6.855227 ], [ 107.609184, -6.855242 ], [ 107.609082, -6.855355 ], [ 107.608815, -6.85549 ], [ 107.608768, -6.855512 ], [ 107.608751, -6.85552 ], [ 107.60867, -6.855559 ], [ 107.608544, -6.855646 ], [ 107.608288, -6.855825 ], [ 107.608207, -6.855886 ], [ 107.608184, -6.855904 ], [ 107.608021, -6.855895 ], [ 107.607827, -6.855884 ], [ 107.60776, -6.855884 ], [ 107.607732, -6.855904 ], [ 107.60773, -6.855907 ], [ 107.60769, -6.855953 ], [ 107.607637, -6.856069 ], [ 107.607566, -6.856227 ], [ 107.607553, -6.856265 ], [ 107.607533, -6.856322 ], [ 107.607529, -6.856332 ], [ 107.607503, -6.856415 ], [ 107.607483, -6.856505 ], [ 107.607479, -6.85652 ], [ 107.607434, -6.856677 ], [ 107.607431, -6.856688 ], [ 107.607376, -6.856765 ], [ 107.607352, -6.856799 ], [ 107.607321, -6.856825 ], [ 107.607318, -6.856828 ], [ 107.607296, -6.856845 ], [ 107.607241, -6.856889 ], [ 107.607228, -6.856901 ], [ 107.607224, -6.856903 ], [ 107.607196, -6.85692 ], [ 107.60715, -6.856959 ], [ 107.60704, -6.857053 ], [ 107.607026, -6.857134 ], [ 107.607017, -6.857179 ], [ 107.607011, -6.857213 ], [ 107.606879, -6.85738 ], [ 107.60685, -6.857417 ], [ 107.606845, -6.857426 ], [ 107.606815, -6.857477 ], [ 107.606777, -6.857591 ], [ 107.606743, -6.857695 ], [ 107.606716, -6.857768 ], [ 107.606697, -6.857799 ], [ 107.606674, -6.857813 ], [ 107.606657, -6.857823 ], [ 107.606633, -6.857809 ], [ 107.606595, -6.857785 ], [ 107.606573, -6.857755 ], [ 107.606572, -6.857754 ], [ 107.606558, -6.857747 ], [ 107.606407, -6.857669 ], [ 107.606316, -6.857684 ], [ 107.606245, -6.857748 ], [ 107.60623, -6.857785 ], [ 107.606224, -6.857834 ], [ 107.606212, -6.85793 ], [ 107.606207, -6.85797 ], [ 107.606208, -6.858008 ], [ 107.606208, -6.858017 ], [ 107.606198, -6.858137 ], [ 107.606187, -6.858165 ], [ 107.606073, -6.858354 ], [ 107.606039, -6.858384 ], [ 107.605975, -6.85841 ], [ 107.605939, -6.858415 ], [ 107.605877, -6.858424 ], [ 107.605846, -6.858414 ], [ 107.605756, -6.858328 ], [ 107.605745, -6.858319 ], [ 107.605701, -6.858285 ], [ 107.605617, -6.858317 ], [ 107.605588, -6.858328 ], [ 107.605509, -6.858383 ], [ 107.605268, -6.858555 ], [ 107.605241, -6.858576 ], [ 107.605216, -6.858595 ], [ 107.60517, -6.858723 ], [ 107.605088, -6.858952 ], [ 107.605079, -6.858978 ], [ 107.605032, -6.859107 ], [ 107.604987, -6.859172 ], [ 107.604802, -6.859252 ], [ 107.604671, -6.859308 ], [ 107.604639, -6.859315 ], [ 107.604614, -6.859326 ], [ 107.604608, -6.859329 ], [ 107.604595, -6.859333 ], [ 107.604591, -6.859335 ], [ 107.604543, -6.859352 ], [ 107.604558, -6.859207 ], [ 107.60461, -6.859106 ], [ 107.604597, -6.859012 ], [ 107.60459, -6.858997 ], [ 107.60454, -6.858921 ], [ 107.604511, -6.858872 ], [ 107.604459, -6.858686 ], [ 107.604386, -6.858549 ], [ 107.60436, -6.858318 ], [ 107.604346, -6.858183 ], [ 107.604318, -6.8581 ], [ 107.604286, -6.858002 ], [ 107.60427, -6.857956 ], [ 107.604244, -6.857793 ], [ 107.604249, -6.857586 ], [ 107.604307, -6.857409 ], [ 107.604443, -6.857257 ], [ 107.604454, -6.857245 ], [ 107.604504, -6.857211 ], [ 107.604607, -6.857139 ], [ 107.604689, -6.857072 ], [ 107.604725, -6.857042 ], [ 107.604793, -6.856985 ], [ 107.604561, -6.856883 ], [ 107.604344, -6.856804 ], [ 107.604077, -6.85672 ], [ 107.603999, -6.856685 ], [ 107.603952, -6.856602 ], [ 107.603916, -6.856524 ], [ 107.603868, -6.856417 ], [ 107.603821, -6.856417 ], [ 107.603785, -6.856465 ], [ 107.603722, -6.856506 ], [ 107.603721, -6.856506 ], [ 107.603601, -6.856465 ], [ 107.603369, -6.856375 ], [ 107.602806, -6.856194 ], [ 107.602589, -6.856013 ], [ 107.602334, -6.855953 ], [ 107.602191, -6.855917 ], [ 107.602066, -6.855894 ], [ 107.601923, -6.85581 ], [ 107.60181, -6.855697 ], [ 107.601548, -6.855531 ], [ 107.601174, -6.855334 ], [ 107.60099, -6.855299 ], [ 107.600931, -6.855287 ], [ 107.600943, -6.855247 ], [ 107.600963, -6.855178 ], [ 107.600978, -6.855128 ], [ 107.600976, -6.85511 ], [ 107.600973, -6.855061 ], [ 107.600965, -6.854941 ], [ 107.600958, -6.854863 ], [ 107.600955, -6.854826 ], [ 107.600939, -6.854639 ], [ 107.600973, -6.854479 ], [ 107.601262, -6.854305 ], [ 107.601263, -6.854304 ], [ 107.601412, -6.854175 ], [ 107.601439, -6.854093 ], [ 107.601507, -6.853882 ], [ 107.601558, -6.853771 ], [ 107.60191, -6.853544 ], [ 107.601993, -6.853489 ], [ 107.602038, -6.853383 ], [ 107.602048, -6.85336 ], [ 107.602005, -6.85322 ], [ 107.601803, -6.852568 ], [ 107.601715, -6.852372 ], [ 107.601712, -6.852364 ], [ 107.60166, -6.85225 ], [ 107.601607, -6.852148 ], [ 107.601612, -6.852084 ], [ 107.601614, -6.852057 ], [ 107.601643, -6.852022 ], [ 107.601675, -6.851983 ], [ 107.601749, -6.851955 ], [ 107.601754, -6.851954 ], [ 107.601779, -6.851963 ], [ 107.601783, -6.851964 ], [ 107.601829, -6.851934 ], [ 107.601978, -6.851834 ], [ 107.602069, -6.851746 ], [ 107.602103, -6.851713 ], [ 107.602149, -6.851668 ], [ 107.60221, -6.851586 ], [ 107.60223, -6.851511 ], [ 107.602248, -6.851444 ], [ 107.602238, -6.85125 ], [ 107.602224, -6.851094 ], [ 107.602211, -6.850956 ], [ 107.602291, -6.850594 ], [ 107.602288, -6.850548 ], [ 107.602275, -6.850386 ], [ 107.602268, -6.850304 ], [ 107.602267, -6.850291 ], [ 107.602261, -6.850207 ], [ 107.602356, -6.849891 ], [ 107.602426, -6.849765 ], [ 107.602445, -6.849731 ], [ 107.602486, -6.849661 ], [ 107.602511, -6.849615 ], [ 107.602474, -6.849526 ], [ 107.602394, -6.849336 ], [ 107.602374, -6.849281 ], [ 107.602292, -6.849051 ], [ 107.602274, -6.848864 ], [ 107.602266, -6.848782 ], [ 107.602324, -6.848653 ], [ 107.602517, -6.848225 ], [ 107.602518, -6.848225 ], [ 107.602535, -6.848204 ], [ 107.60258, -6.84815 ], [ 107.602844, -6.848057 ], [ 107.602917, -6.848022 ], [ 107.602962, -6.847938 ], [ 107.602989, -6.847418 ], [ 107.602993, -6.847335 ], [ 107.602992, -6.847321 ], [ 107.602988, -6.847241 ], [ 107.602972, -6.846967 ], [ 107.602966, -6.846879 ], [ 107.602957, -6.846711 ], [ 107.602948, -6.846561 ], [ 107.602948, -6.84656 ], [ 107.602959, -6.846487 ], [ 107.603008, -6.846169 ], [ 107.603017, -6.846104 ], [ 107.603022, -6.846073 ], [ 107.602967, -6.845981 ], [ 107.602939, -6.845935 ], [ 107.602924, -6.845922 ], [ 107.60289, -6.845893 ], [ 107.602875, -6.845884 ], [ 107.602864, -6.845831 ], [ 107.602857, -6.845796 ], [ 107.602831, -6.845644 ], [ 107.60283, -6.845643 ], [ 107.602838, -6.845607 ], [ 107.602858, -6.845516 ], [ 107.602918, -6.845331 ], [ 107.602949, -6.845206 ], [ 107.60301, -6.844956 ], [ 107.603029, -6.844884 ], [ 107.603031, -6.844876 ], [ 107.603031, -6.844874 ], [ 107.602989, -6.844579 ], [ 107.602989, -6.844578 ], [ 107.602986, -6.844412 ], [ 107.603065, -6.844255 ], [ 107.603111, -6.844192 ], [ 107.60322, -6.844042 ], [ 107.603262, -6.843958 ], [ 107.603312, -6.84386 ], [ 107.603341, -6.843549 ], [ 107.603341, -6.843541 ], [ 107.603415, -6.843181 ], [ 107.603507, -6.842951 ], [ 107.603521, -6.842923 ], [ 107.603554, -6.842857 ], [ 107.603664, -6.842693 ], [ 107.60368, -6.842669 ], [ 107.60379, -6.842575 ], [ 107.603868, -6.842508 ], [ 107.603939, -6.842437 ], [ 107.603956, -6.842419 ], [ 107.603999, -6.842326 ], [ 107.604009, -6.842303 ], [ 107.604025, -6.842269 ], [ 107.604033, -6.84223 ], [ 107.604043, -6.84218 ], [ 107.604044, -6.842173 ], [ 107.604048, -6.842158 ], [ 107.604045, -6.842157 ], [ 107.603787, -6.842058 ], [ 107.603547, -6.841967 ], [ 107.603098, -6.841749 ], [ 107.602537, -6.84146 ], [ 107.601873, -6.84116 ], [ 107.601827, -6.841196 ], [ 107.601598, -6.841381 ], [ 107.601277, -6.84161 ], [ 107.600974, -6.84181 ], [ 107.600706, -6.841999 ], [ 107.600521, -6.842174 ], [ 107.600235, -6.84242 ], [ 107.599925, -6.842799 ], [ 107.599929, -6.842779 ], [ 107.599957, -6.842334 ], [ 107.599955, -6.842318 ], [ 107.599942, -6.842197 ], [ 107.599892, -6.84214 ], [ 107.599718, -6.842102 ], [ 107.59971, -6.842101 ], [ 107.599608, -6.842094 ], [ 107.599255, -6.842076 ], [ 107.598883, -6.842066 ], [ 107.598856, -6.842061 ], [ 107.59882, -6.842059 ], [ 107.598743, -6.842054 ], [ 107.598728, -6.842142 ], [ 107.598701, -6.842527 ], [ 107.598699, -6.842552 ], [ 107.598699, -6.842558 ], [ 107.597839, -6.842358 ], [ 107.597899, -6.842024 ], [ 107.597909, -6.841963 ], [ 107.597581, -6.841976 ], [ 107.597436, -6.841988 ], [ 107.597299, -6.842146 ], [ 107.597037, -6.841949 ], [ 107.596951, -6.841926 ], [ 107.596683, -6.841863 ], [ 107.596659, -6.841929 ], [ 107.596472, -6.841861 ], [ 107.596439, -6.841619 ], [ 107.596418, -6.841473 ], [ 107.596398, -6.841298 ], [ 107.59638, -6.841152 ], [ 107.596392, -6.841054 ], [ 107.596386, -6.841001 ], [ 107.596365, -6.840929 ], [ 107.596356, -6.840852 ], [ 107.596356, -6.840786 ], [ 107.596374, -6.840611 ], [ 107.596383, -6.840528 ], [ 107.596398, -6.840412 ], [ 107.596406, -6.840325 ], [ 107.596496, -6.840242 ], [ 107.596502, -6.84015 ], [ 107.59649, -6.84012 ], [ 107.596436, -6.840076 ], [ 107.59643, -6.840046 ], [ 107.596427, -6.839989 ], [ 107.596469, -6.839945 ], [ 107.596543, -6.839876 ], [ 107.596582, -6.839802 ], [ 107.596668, -6.839647 ], [ 107.596694, -6.839611 ], [ 107.59674, -6.839606 ], [ 107.596775, -6.839525 ], [ 107.596799, -6.839415 ], [ 107.596784, -6.83932 ], [ 107.596775, -6.839275 ], [ 107.596796, -6.839198 ], [ 107.596838, -6.839109 ], [ 107.596906, -6.83904 ], [ 107.596951, -6.839011 ], [ 107.597016, -6.838963 ], [ 107.597177, -6.838874 ], [ 107.597331, -6.838803 ], [ 107.597537, -6.838707 ], [ 107.597608, -6.838654 ], [ 107.597679, -6.838588 ], [ 107.597715, -6.838532 ], [ 107.597709, -6.838395 ], [ 107.597703, -6.838315 ], [ 107.597694, -6.838258 ], [ 107.597674, -6.838217 ], [ 107.597646, -6.838172 ], [ 107.597617, -6.838147 ], [ 107.597612, -6.838122 ], [ 107.59761, -6.838097 ], [ 107.597614, -6.838073 ], [ 107.597625, -6.83804 ], [ 107.597646, -6.837987 ], [ 107.597671, -6.837911 ], [ 107.597705, -6.837821 ], [ 107.597743, -6.837686 ], [ 107.597758, -6.837618 ], [ 107.597775, -6.837547 ], [ 107.597806, -6.837416 ], [ 107.597844, -6.837345 ], [ 107.597865, -6.837309 ], [ 107.597909, -6.83725 ], [ 107.597973, -6.837187 ], [ 107.598069, -6.837111 ], [ 107.598083, -6.837083 ], [ 107.59803, -6.837088 ], [ 107.598, -6.837083 ], [ 107.597981, -6.837068 ], [ 107.597952, -6.837082 ], [ 107.597927, -6.837093 ], [ 107.597902, -6.837082 ], [ 107.597865, -6.837028 ], [ 107.597837, -6.836994 ], [ 107.597768, -6.836912 ], [ 107.597657, -6.836883 ], [ 107.597648, -6.836883 ], [ 107.597595, -6.836887 ], [ 107.597591, -6.836887 ], [ 107.59759, -6.836889 ], [ 107.597513, -6.836973 ], [ 107.597451, -6.837062 ], [ 107.597451, -6.837063 ], [ 107.597506, -6.837291 ], [ 107.597457, -6.837508 ], [ 107.597245, -6.837781 ], [ 107.597153, -6.837891 ], [ 107.597122, -6.838024 ], [ 107.597122, -6.838026 ], [ 107.597278, -6.838359 ], [ 107.597281, -6.838366 ], [ 107.597317, -6.838479 ], [ 107.597316, -6.838481 ], [ 107.597292, -6.838552 ], [ 107.597027, -6.838573 ], [ 107.596977, -6.838577 ], [ 107.596688, -6.838625 ], [ 107.596669, -6.838633 ], [ 107.596635, -6.838648 ], [ 107.596533, -6.838692 ], [ 107.596443, -6.838783 ], [ 107.596402, -6.838824 ], [ 107.596315, -6.838988 ], [ 107.596255, -6.839205 ], [ 107.59608, -6.839399 ], [ 107.595952, -6.839542 ], [ 107.595896, -6.839637 ], [ 107.595853, -6.839709 ], [ 107.595827, -6.839773 ], [ 107.595791, -6.83986 ], [ 107.595773, -6.840026 ], [ 107.595761, -6.840069 ], [ 107.595736, -6.840159 ], [ 107.595692, -6.84021 ], [ 107.595642, -6.840269 ], [ 107.595577, -6.84033 ], [ 107.595518, -6.840385 ], [ 107.595465, -6.840496 ], [ 107.595459, -6.840508 ], [ 107.595458, -6.840512 ], [ 107.595445, -6.840555 ], [ 107.59542, -6.840637 ], [ 107.595396, -6.840651 ], [ 107.595349, -6.840677 ], [ 107.595084, -6.840744 ], [ 107.595064, -6.840754 ], [ 107.595037, -6.840766 ], [ 107.594913, -6.840866 ], [ 107.594858, -6.840909 ], [ 107.594805, -6.840952 ], [ 107.594784, -6.840977 ], [ 107.594771, -6.840993 ], [ 107.594744, -6.841041 ], [ 107.594707, -6.841073 ], [ 107.594698, -6.84108 ], [ 107.594677, -6.841098 ], [ 107.594639, -6.84113 ], [ 107.594521, -6.841258 ], [ 107.594498, -6.841302 ], [ 107.594474, -6.841347 ], [ 107.594428, -6.841434 ], [ 107.594431, -6.841737 ], [ 107.594416, -6.841876 ], [ 107.594365, -6.841942 ], [ 107.594255, -6.841988 ], [ 107.594253, -6.841988 ], [ 107.594242, -6.841991 ], [ 107.594113, -6.842053 ], [ 107.594059, -6.842079 ], [ 107.594054, -6.842087 ], [ 107.594022, -6.842179 ], [ 107.594007, -6.842249 ], [ 107.594007, -6.842252 ], [ 107.594016, -6.842343 ], [ 107.594016, -6.842345 ], [ 107.594035, -6.842389 ], [ 107.594072, -6.842475 ], [ 107.594079, -6.842489 ], [ 107.59409, -6.842508 ], [ 107.594172, -6.842599 ], [ 107.594269, -6.842659 ], [ 107.594299, -6.842672 ], [ 107.594342, -6.84269 ], [ 107.59441, -6.842718 ], [ 107.594483, -6.842749 ], [ 107.594505, -6.842785 ], [ 107.594553, -6.842874 ], [ 107.594555, -6.842877 ], [ 107.594602, -6.842959 ], [ 107.594632, -6.843013 ], [ 107.594638, -6.843033 ], [ 107.594645, -6.843057 ], [ 107.59464, -6.843168 ], [ 107.594626, -6.843187 ], [ 107.594594, -6.843229 ], [ 107.594591, -6.843235 ], [ 107.594588, -6.843239 ], [ 107.594376, -6.843647 ], [ 107.594328, -6.843758 ], [ 107.594308, -6.843801 ], [ 107.594271, -6.84388 ], [ 107.594239, -6.843916 ], [ 107.594155, -6.84396 ], [ 107.594, -6.843979 ], [ 107.593991, -6.844016 ], [ 107.593985, -6.844039 ], [ 107.593985, -6.84404 ], [ 107.593988, -6.844096 ], [ 107.594013, -6.844245 ], [ 107.594012, -6.844245 ], [ 107.593958, -6.844355 ], [ 107.593795, -6.844413 ], [ 107.593777, -6.844417 ], [ 107.593659, -6.844444 ], [ 107.593552, -6.844515 ], [ 107.593506, -6.844558 ], [ 107.593403, -6.844655 ], [ 107.593204, -6.844847 ], [ 107.593156, -6.845038 ], [ 107.593159, -6.845075 ], [ 107.593168, -6.845165 ], [ 107.59316, -6.845248 ], [ 107.593158, -6.845265 ], [ 107.593147, -6.845279 ], [ 107.593126, -6.845303 ], [ 107.5931, -6.845321 ], [ 107.593059, -6.845312 ], [ 107.593054, -6.845311 ], [ 107.593015, -6.845311 ], [ 107.593004, -6.845318 ], [ 107.592981, -6.845373 ], [ 107.592993, -6.845495 ], [ 107.593015, -6.845545 ], [ 107.59303, -6.84558 ], [ 107.593059, -6.845624 ], [ 107.593129, -6.845771 ], [ 107.59313, -6.845772 ], [ 107.593122, -6.845918 ], [ 107.593078, -6.846026 ], [ 107.593077, -6.846028 ], [ 107.592989, -6.8462 ], [ 107.592897, -6.846352 ], [ 107.592768, -6.846533 ], [ 107.592587, -6.846745 ], [ 107.59254, -6.846829 ], [ 107.592537, -6.846889 ], [ 107.592551, -6.846924 ], [ 107.592544, -6.847003 ], [ 107.592472, -6.847111 ], [ 107.592366, -6.847228 ], [ 107.592304, -6.847284 ], [ 107.592277, -6.847298 ], [ 107.59224, -6.847318 ], [ 107.592211, -6.847334 ], [ 107.592191, -6.847346 ], [ 107.59205, -6.847452 ], [ 107.592045, -6.847459 ], [ 107.591986, -6.847513 ], [ 107.591931, -6.847526 ], [ 107.591887, -6.847569 ], [ 107.591914, -6.847631 ], [ 107.591924, -6.847646 ], [ 107.591926, -6.847705 ], [ 107.59187, -6.84778 ], [ 107.591852, -6.847794 ], [ 107.59174, -6.847837 ], [ 107.591685, -6.847843 ], [ 107.591632, -6.847884 ], [ 107.591585, -6.847976 ], [ 107.591524, -6.848022 ], [ 107.591385, -6.848068 ], [ 107.591262, -6.848131 ], [ 107.591249, -6.84814 ], [ 107.591167, -6.848233 ], [ 107.59112, -6.848355 ], [ 107.591104, -6.848425 ], [ 107.591077, -6.848529 ], [ 107.591014, -6.848771 ], [ 107.59098, -6.848901 ], [ 107.59096, -6.848937 ], [ 107.590943, -6.848969 ], [ 107.590819, -6.849049 ], [ 107.590781, -6.849076 ], [ 107.59077, -6.849084 ], [ 107.590642, -6.849157 ], [ 107.590604, -6.849156 ], [ 107.590428, -6.849098 ], [ 107.590383, -6.849122 ], [ 107.59037, -6.849129 ], [ 107.590355, -6.849167 ], [ 107.590344, -6.849197 ], [ 107.590339, -6.849205 ], [ 107.590301, -6.84923 ], [ 107.590275, -6.849247 ], [ 107.590185, -6.849308 ], [ 107.590179, -6.849321 ], [ 107.590161, -6.849348 ], [ 107.590063, -6.849498 ], [ 107.590062, -6.849498 ], [ 107.59006, -6.849499 ], [ 107.589955, -6.849529 ], [ 107.589916, -6.849538 ], [ 107.589829, -6.849528 ], [ 107.589786, -6.849521 ], [ 107.589753, -6.849516 ], [ 107.589687, -6.849526 ], [ 107.589647, -6.849546 ], [ 107.58964, -6.849549 ], [ 107.589618, -6.849574 ], [ 107.589594, -6.849645 ], [ 107.58959, -6.849658 ], [ 107.589586, -6.849678 ], [ 107.589582, -6.8497 ], [ 107.589544, -6.849793 ], [ 107.589504, -6.849854 ], [ 107.589481, -6.84989 ], [ 107.589444, -6.850012 ], [ 107.589444, -6.85002 ], [ 107.589444, -6.850041 ], [ 107.589444, -6.850042 ], [ 107.589462, -6.850132 ], [ 107.589462, -6.850133 ], [ 107.589459, -6.850158 ], [ 107.589457, -6.850182 ], [ 107.589445, -6.85027 ], [ 107.589445, -6.850273 ], [ 107.589446, -6.850292 ], [ 107.589447, -6.850337 ], [ 107.589465, -6.850391 ], [ 107.589467, -6.850394 ], [ 107.58953, -6.85047 ], [ 107.589545, -6.85048 ], [ 107.589584, -6.850498 ], [ 107.589625, -6.850518 ], [ 107.589677, -6.850548 ], [ 107.589697, -6.850571 ], [ 107.58971, -6.850585 ], [ 107.589709, -6.850588 ], [ 107.589708, -6.850641 ], [ 107.589656, -6.850754 ], [ 107.589653, -6.850761 ], [ 107.589653, -6.850762 ], [ 107.589652, -6.85077 ], [ 107.589652, -6.850779 ], [ 107.589652, -6.850789 ], [ 107.58965, -6.850843 ], [ 107.58967, -6.850885 ], [ 107.589685, -6.850916 ], [ 107.589704, -6.850961 ], [ 107.589707, -6.850981 ], [ 107.589715, -6.851043 ], [ 107.589716, -6.851045 ], [ 107.589716, -6.851046 ], [ 107.589745, -6.851129 ], [ 107.58977, -6.851204 ], [ 107.589793, -6.851253 ], [ 107.589865, -6.851389 ], [ 107.589904, -6.851461 ], [ 107.589935, -6.851545 ], [ 107.589954, -6.851661 ], [ 107.589956, -6.851682 ], [ 107.58996, -6.851727 ], [ 107.589991, -6.851915 ], [ 107.589991, -6.851916 ], [ 107.589992, -6.851917 ], [ 107.590004, -6.851946 ], [ 107.590119, -6.852026 ], [ 107.590146, -6.852079 ], [ 107.590196, -6.852145 ], [ 107.59021, -6.852158 ], [ 107.590218, -6.852166 ], [ 107.590229, -6.852192 ], [ 107.590325, -6.852421 ], [ 107.590339, -6.852453 ], [ 107.590345, -6.852474 ], [ 107.590355, -6.852505 ], [ 107.590373, -6.852554 ], [ 107.590379, -6.852573 ], [ 107.590381, -6.852643 ], [ 107.590383, -6.852699 ], [ 107.590383, -6.85271 ], [ 107.590378, -6.852812 ], [ 107.590375, -6.852862 ], [ 107.590372, -6.852908 ], [ 107.590383, -6.852975 ], [ 107.590392, -6.853053 ], [ 107.590392, -6.853161 ], [ 107.590391, -6.853177 ], [ 107.59039, -6.853208 ], [ 107.590375, -6.853228 ], [ 107.590327, -6.853272 ], [ 107.590304, -6.853294 ], [ 107.590144, -6.853404 ], [ 107.59008, -6.853438 ], [ 107.590051, -6.853453 ], [ 107.590022, -6.853458 ], [ 107.589919, -6.853477 ], [ 107.589873, -6.85348 ], [ 107.589813, -6.853484 ], [ 107.589607, -6.853465 ], [ 107.589581, -6.853463 ], [ 107.589485, -6.853454 ], [ 107.589413, -6.853455 ], [ 107.589283, -6.853458 ], [ 107.58918, -6.853462 ], [ 107.589104, -6.853464 ], [ 107.588971, -6.853493 ], [ 107.588811, -6.853547 ], [ 107.588789, -6.853554 ], [ 107.588781, -6.853568 ], [ 107.588774, -6.853578 ], [ 107.588748, -6.853685 ], [ 107.588753, -6.85371 ], [ 107.588778, -6.853851 ], [ 107.588819, -6.853933 ], [ 107.588918, -6.854101 ], [ 107.588976, -6.85419 ], [ 107.589022, -6.854261 ], [ 107.589036, -6.854306 ], [ 107.58901, -6.854402 ], [ 107.588928, -6.854523 ], [ 107.588921, -6.854531 ], [ 107.588832, -6.854638 ], [ 107.588785, -6.854739 ], [ 107.588786, -6.854741 ], [ 107.588792, -6.854775 ], [ 107.588797, -6.854807 ], [ 107.588808, -6.854832 ], [ 107.588814, -6.854849 ], [ 107.588873, -6.854895 ], [ 107.588878, -6.854895 ], [ 107.588978, -6.854906 ], [ 107.589281, -6.854911 ], [ 107.589287, -6.854911 ], [ 107.589288, -6.854911 ], [ 107.589408, -6.854953 ], [ 107.589423, -6.854964 ], [ 107.589437, -6.854975 ], [ 107.58953, -6.855063 ], [ 107.589582, -6.855189 ], [ 107.589587, -6.855199 ], [ 107.589605, -6.855272 ], [ 107.589647, -6.855434 ], [ 107.589655, -6.855533 ], [ 107.589655, -6.855537 ], [ 107.589643, -6.855635 ], [ 107.589613, -6.855705 ], [ 107.589577, -6.855761 ], [ 107.58947, -6.85586 ], [ 107.589263, -6.856062 ], [ 107.589244, -6.856095 ], [ 107.589199, -6.85626 ], [ 107.589198, -6.856262 ], [ 107.589217, -6.856329 ], [ 107.589237, -6.856399 ], [ 107.589278, -6.856633 ], [ 107.589278, -6.856635 ], [ 107.589273, -6.856801 ], [ 107.58927, -6.856907 ], [ 107.589268, -6.856922 ], [ 107.589249, -6.857031 ], [ 107.58918, -6.857204 ], [ 107.589166, -6.857223 ], [ 107.589157, -6.857236 ], [ 107.589133, -6.857255 ], [ 107.589096, -6.857286 ], [ 107.589021, -6.857311 ], [ 107.588976, -6.857327 ], [ 107.588828, -6.857329 ], [ 107.588618, -6.8574 ], [ 107.588611, -6.857405 ], [ 107.588567, -6.857436 ], [ 107.588476, -6.857523 ], [ 107.588437, -6.857617 ], [ 107.588431, -6.857646 ], [ 107.588405, -6.857776 ], [ 107.588358, -6.858 ], [ 107.588335, -6.858039 ], [ 107.588307, -6.858085 ], [ 107.588212, -6.858169 ], [ 107.588136, -6.858211 ], [ 107.588073, -6.85823 ], [ 107.587995, -6.858242 ], [ 107.58798, -6.858242 ], [ 107.587948, -6.858242 ], [ 107.587816, -6.858298 ], [ 107.587639, -6.858417 ], [ 107.587557, -6.858473 ], [ 107.587472, -6.8586 ], [ 107.587465, -6.858612 ], [ 107.587211, -6.859103 ], [ 107.587135, -6.859161 ], [ 107.587098, -6.859189 ], [ 107.586919, -6.859263 ], [ 107.586769, -6.859325 ], [ 107.586623, -6.859443 ], [ 107.586591, -6.85947 ], [ 107.586573, -6.859486 ], [ 107.586472, -6.859574 ], [ 107.586471, -6.859575 ], [ 107.586444, -6.859607 ], [ 107.586387, -6.859675 ], [ 107.586347, -6.85968 ], [ 107.586307, -6.859685 ], [ 107.586158, -6.85965 ], [ 107.586109, -6.859635 ], [ 107.586082, -6.859627 ], [ 107.586034, -6.859612 ], [ 107.586029, -6.85961 ], [ 107.586028, -6.85961 ], [ 107.585995, -6.859594 ], [ 107.585919, -6.859557 ], [ 107.585792, -6.859568 ], [ 107.585703, -6.859605 ], [ 107.585691, -6.859611 ], [ 107.585664, -6.859625 ], [ 107.585566, -6.859675 ], [ 107.585497, -6.859709 ], [ 107.585461, -6.859716 ], [ 107.585423, -6.859724 ], [ 107.585337, -6.859734 ], [ 107.585118, -6.859761 ], [ 107.58504, -6.859766 ], [ 107.584909, -6.859774 ], [ 107.584769, -6.859752 ], [ 107.584669, -6.859737 ], [ 107.584564, -6.859706 ], [ 107.584438, -6.859669 ], [ 107.584389, -6.859655 ], [ 107.584365, -6.859648 ], [ 107.584255, -6.859619 ], [ 107.584252, -6.859619 ], [ 107.584207, -6.859607 ], [ 107.584142, -6.85959 ], [ 107.584069, -6.859586 ], [ 107.584046, -6.859585 ], [ 107.58396, -6.859607 ], [ 107.583947, -6.859615 ], [ 107.58394, -6.859621 ], [ 107.583856, -6.859702 ], [ 107.583818, -6.85978 ], [ 107.583734, -6.859948 ], [ 107.58366, -6.860085 ], [ 107.583644, -6.860113 ], [ 107.583468, -6.860274 ], [ 107.583303, -6.86038 ], [ 107.583282, -6.860393 ], [ 107.583266, -6.860399 ], [ 107.583124, -6.860443 ], [ 107.583045, -6.860464 ], [ 107.58295, -6.860499 ], [ 107.582844, -6.860538 ], [ 107.582822, -6.860559 ], [ 107.582745, -6.860634 ], [ 107.58261, -6.860814 ], [ 107.582605, -6.860821 ], [ 107.582344, -6.860927 ], [ 107.582204, -6.860957 ], [ 107.582147, -6.86097 ], [ 107.582112, -6.860986 ], [ 107.582019, -6.861028 ], [ 107.581844, -6.861186 ], [ 107.581754, -6.861267 ], [ 107.5817, -6.861315 ], [ 107.581562, -6.861435 ], [ 107.581488, -6.86151 ], [ 107.581467, -6.861531 ], [ 107.581466, -6.861535 ], [ 107.581459, -6.861551 ], [ 107.581355, -6.861807 ], [ 107.581333, -6.861852 ], [ 107.581301, -6.861917 ], [ 107.581057, -6.862011 ], [ 107.581027, -6.862023 ], [ 107.580905, -6.862087 ], [ 107.580896, -6.862098 ], [ 107.580832, -6.862174 ], [ 107.580805, -6.862383 ], [ 107.580762, -6.862608 ], [ 107.580714, -6.862739 ], [ 107.58067, -6.86286 ], [ 107.580646, -6.862903 ], [ 107.580619, -6.862952 ], [ 107.580289, -6.863263 ], [ 107.580249, -6.863287 ], [ 107.580085, -6.863385 ], [ 107.579995, -6.863419 ], [ 107.579948, -6.863437 ], [ 107.579756, -6.863456 ], [ 107.579748, -6.863457 ], [ 107.579723, -6.863459 ], [ 107.579659, -6.863482 ], [ 107.579629, -6.863493 ], [ 107.579478, -6.8637 ], [ 107.579464, -6.863755 ], [ 107.579423, -6.863906 ], [ 107.579417, -6.863929 ], [ 107.579396, -6.863979 ], [ 107.579367, -6.864047 ], [ 107.579367, -6.864048 ], [ 107.57925, -6.86415 ], [ 107.579043, -6.864251 ], [ 107.579003, -6.864259 ], [ 107.578827, -6.864294 ], [ 107.578605, -6.864338 ], [ 107.578412, -6.864376 ], [ 107.578379, -6.864391 ], [ 107.578284, -6.864434 ], [ 107.578184, -6.864494 ], [ 107.578065, -6.864567 ], [ 107.577991, -6.864602 ], [ 107.577945, -6.864625 ], [ 107.577899, -6.864691 ], [ 107.577865, -6.86474 ], [ 107.577853, -6.864811 ], [ 107.57782, -6.864999 ], [ 107.577809, -6.86507 ], [ 107.577808, -6.865076 ], [ 107.577806, -6.865087 ], [ 107.577782, -6.865242 ], [ 107.577744, -6.865322 ], [ 107.577506, -6.865352 ], [ 107.577022, -6.865406 ], [ 107.576843, -6.865454 ], [ 107.576707, -6.865564 ], [ 107.576609, -6.865799 ], [ 107.576463, -6.866054 ], [ 107.576437, -6.866112 ], [ 107.576425, -6.86614 ], [ 107.576429, -6.866152 ], [ 107.576469, -6.866257 ], [ 107.576585, -6.86639 ], [ 107.576595, -6.866401 ], [ 107.576608, -6.866415 ], [ 107.576689, -6.866504 ], [ 107.576756, -6.866576 ], [ 107.576758, -6.866578 ], [ 107.576779, -6.866635 ], [ 107.57684, -6.866797 ], [ 107.576841, -6.866803 ], [ 107.576845, -6.866848 ], [ 107.576896, -6.867132 ], [ 107.576896, -6.867133 ], [ 107.576863, -6.86724 ], [ 107.576862, -6.867241 ], [ 107.576847, -6.86725 ], [ 107.576717, -6.867335 ], [ 107.576568, -6.867372 ], [ 107.576452, -6.867361 ], [ 107.576314, -6.867348 ], [ 107.576086, -6.867323 ], [ 107.575919, -6.867366 ], [ 107.57589, -6.867374 ], [ 107.575796, -6.867431 ], [ 107.575743, -6.867501 ], [ 107.575718, -6.867535 ], [ 107.57569, -6.867713 ], [ 107.57569, -6.867714 ], [ 107.575697, -6.867735 ], [ 107.575705, -6.867757 ], [ 107.575721, -6.867774 ], [ 107.576154, -6.867851 ], [ 107.576193, -6.867863 ], [ 107.576323, -6.867901 ], [ 107.576461, -6.86801 ], [ 107.576604, -6.868136 ], [ 107.576628, -6.868158 ], [ 107.576714, -6.868238 ], [ 107.576739, -6.868299 ], [ 107.576775, -6.868387 ], [ 107.576775, -6.868389 ], [ 107.57677, -6.868577 ], [ 107.57671, -6.868697 ], [ 107.576655, -6.868806 ], [ 107.576571, -6.868902 ], [ 107.576539, -6.868938 ], [ 107.576524, -6.868948 ], [ 107.576393, -6.869033 ], [ 107.576378, -6.869042 ], [ 107.576302, -6.869091 ], [ 107.576186, -6.86923 ], [ 107.576073, -6.869367 ], [ 107.575963, -6.869441 ], [ 107.575869, -6.869498 ], [ 107.575658, -6.869626 ], [ 107.575637, -6.869651 ], [ 107.57561, -6.869686 ], [ 107.575611, -6.869687 ], [ 107.575763, -6.869848 ], [ 107.575959, -6.869957 ], [ 107.576065, -6.870067 ], [ 107.576102, -6.870157 ], [ 107.576096, -6.87023 ], [ 107.576092, -6.870281 ], [ 107.576023, -6.870381 ], [ 107.576022, -6.870382 ], [ 107.57591, -6.870669 ], [ 107.575867, -6.87077 ], [ 107.575791, -6.870831 ], [ 107.575506, -6.870751 ], [ 107.575394, -6.870724 ], [ 107.575302, -6.870737 ], [ 107.575293, -6.870747 ], [ 107.575268, -6.870775 ], [ 107.575328, -6.870884 ], [ 107.575357, -6.870947 ], [ 107.575358, -6.870949 ], [ 107.575323, -6.871031 ], [ 107.575176, -6.871128 ], [ 107.575033, -6.871202 ], [ 107.574955, -6.871285 ], [ 107.57491, -6.871428 ], [ 107.57491, -6.87143 ], [ 107.574925, -6.8715 ], [ 107.574926, -6.871505 ], [ 107.574977, -6.871547 ], [ 107.575041, -6.871602 ], [ 107.575231, -6.871732 ], [ 107.575341, -6.871878 ], [ 107.575346, -6.871885 ], [ 107.575399, -6.871992 ], [ 107.575403, -6.872016 ], [ 107.575403, -6.872018 ], [ 107.5754, -6.872026 ], [ 107.575398, -6.872033 ], [ 107.57539, -6.872044 ], [ 107.575382, -6.872055 ], [ 107.575347, -6.872103 ], [ 107.5753, -6.872169 ], [ 107.575244, -6.87234 ], [ 107.575258, -6.872559 ], [ 107.575255, -6.872777 ], [ 107.575158, -6.873042 ], [ 107.575059, -6.873322 ], [ 107.575059, -6.873323 ], [ 107.575006, -6.873509 ], [ 107.574852, -6.873708 ], [ 107.574752, -6.873837 ], [ 107.574656, -6.873945 ], [ 107.574636, -6.873991 ], [ 107.574591, -6.874095 ], [ 107.574579, -6.874123 ], [ 107.574553, -6.874188 ], [ 107.574547, -6.874203 ], [ 107.574468, -6.874254 ], [ 107.57435, -6.8743 ], [ 107.57434, -6.874304 ], [ 107.574339, -6.874306 ], [ 107.574256, -6.874394 ], [ 107.574256, -6.874395 ], [ 107.57423, -6.874616 ], [ 107.574214, -6.874676 ], [ 107.574201, -6.874723 ], [ 107.574119, -6.874794 ], [ 107.574042, -6.874858 ], [ 107.574033, -6.874865 ], [ 107.574025, -6.87489 ], [ 107.573991, -6.875 ], [ 107.573936, -6.875174 ], [ 107.57392, -6.875239 ], [ 107.573879, -6.875405 ], [ 107.573815, -6.875514 ], [ 107.573778, -6.875575 ], [ 107.57375, -6.875628 ], [ 107.573728, -6.87567 ], [ 107.573746, -6.875699 ], [ 107.573792, -6.875773 ], [ 107.57382, -6.875817 ], [ 107.573845, -6.875858 ], [ 107.573844, -6.87586 ], [ 107.573843, -6.875866 ], [ 107.573833, -6.875917 ], [ 107.573818, -6.875991 ], [ 107.573776, -6.876054 ], [ 107.57377, -6.876063 ], [ 107.573757, -6.876083 ], [ 107.573749, -6.876116 ], [ 107.573772, -6.876232 ], [ 107.573777, -6.87624 ], [ 107.573839, -6.876344 ], [ 107.573967, -6.876602 ], [ 107.573994, -6.876656 ], [ 107.573998, -6.876689 ], [ 107.574026, -6.876905 ], [ 107.574026, -6.876906 ], [ 107.574003, -6.87703 ], [ 107.573987, -6.877119 ], [ 107.573929, -6.877236 ], [ 107.573865, -6.87729 ], [ 107.573844, -6.877308 ], [ 107.573817, -6.877331 ], [ 107.573701, -6.877368 ], [ 107.573346, -6.877269 ], [ 107.573212, -6.877235 ], [ 107.573098, -6.877262 ], [ 107.572948, -6.877425 ], [ 107.572905, -6.877528 ], [ 107.572879, -6.877593 ], [ 107.57288, -6.877606 ], [ 107.572883, -6.877631 ], [ 107.572887, -6.877675 ], [ 107.572896, -6.877754 ], [ 107.572939, -6.878162 ], [ 107.572935, -6.878251 ], [ 107.572935, -6.878252 ], [ 107.572777, -6.878326 ], [ 107.572632, -6.878374 ], [ 107.572326, -6.878707 ], [ 107.572263, -6.878806 ], [ 107.572212, -6.878888 ], [ 107.572193, -6.878988 ], [ 107.57209, -6.879549 ], [ 107.57207, -6.879661 ], [ 107.572054, -6.87976 ], [ 107.572053, -6.879763 ], [ 107.572026, -6.879875 ], [ 107.572011, -6.879993 ], [ 107.571996, -6.880108 ], [ 107.571991, -6.88019 ], [ 107.571982, -6.880331 ], [ 107.571897, -6.880432 ], [ 107.571796, -6.880575 ], [ 107.571748, -6.880731 ], [ 107.57173, -6.880788 ], [ 107.571725, -6.880867 ], [ 107.571718, -6.880993 ], [ 107.571714, -6.88122 ], [ 107.571613, -6.881412 ], [ 107.571563, -6.881582 ], [ 107.571546, -6.881863 ], [ 107.571567, -6.88208 ], [ 107.571573, -6.882138 ], [ 107.571579, -6.882204 ], [ 107.571584, -6.88225 ], [ 107.571594, -6.882356 ], [ 107.571606, -6.882481 ], [ 107.571615, -6.882571 ], [ 107.571619, -6.88261 ], [ 107.571646, -6.882667 ], [ 107.57173, -6.882842 ], [ 107.571744, -6.88287 ], [ 107.571828, -6.88306 ], [ 107.57187, -6.883154 ], [ 107.571893, -6.883207 ], [ 107.571888, -6.883275 ], [ 107.57188, -6.883357 ], [ 107.5718, -6.8837 ], [ 107.571791, -6.883739 ], [ 107.57172, -6.883876 ], [ 107.571634, -6.884003 ], [ 107.571586, -6.884102 ], [ 107.571579, -6.884198 ], [ 107.57159, -6.884289 ], [ 107.571634, -6.884434 ], [ 107.571724, -6.884583 ], [ 107.571738, -6.884668 ], [ 107.57177, -6.884931 ], [ 107.57182, -6.884989 ], [ 107.571822, -6.884991 ], [ 107.571938, -6.885041 ], [ 107.572256, -6.885145 ], [ 107.572318, -6.885262 ], [ 107.572332, -6.885457 ], [ 107.572307, -6.885738 ], [ 107.572277, -6.885908 ], [ 107.572258, -6.886019 ], [ 107.572252, -6.886263 ], [ 107.57231, -6.886333 ], [ 107.572401, -6.886378 ], [ 107.572464, -6.886382 ], [ 107.572569, -6.88639 ], [ 107.572654, -6.886428 ], [ 107.572823, -6.886563 ], [ 107.57301, -6.886707 ], [ 107.573012, -6.886709 ], [ 107.573163, -6.886753 ], [ 107.573291, -6.886801 ], [ 107.573418, -6.886797 ], [ 107.573488, -6.88684 ], [ 107.573562, -6.886941 ], [ 107.573635, -6.88713 ], [ 107.573661, -6.887194 ], [ 107.573811, -6.887564 ], [ 107.57381, -6.887583 ], [ 107.573881, -6.887692 ], [ 107.573923, -6.887739 ], [ 107.574086, -6.887917 ], [ 107.574302, -6.888193 ], [ 107.574405, -6.888294 ], [ 107.574565, -6.888348 ], [ 107.574577, -6.888352 ], [ 107.574651, -6.888376 ], [ 107.574665, -6.888405 ], [ 107.574768, -6.888615 ], [ 107.574948, -6.888976 ], [ 107.57506, -6.889243 ], [ 107.57513, -6.889455 ], [ 107.575297, -6.889731 ], [ 107.575501, -6.889878 ], [ 107.575662, -6.890002 ], [ 107.575665, -6.890005 ], [ 107.575946, -6.890294 ], [ 107.576046, -6.890464 ], [ 107.576076, -6.890544 ], [ 107.57613, -6.890721 ], [ 107.576134, -6.890735 ], [ 107.576135, -6.890739 ], [ 107.576136, -6.890741 ], [ 107.576137, -6.890748 ], [ 107.576137, -6.890749 ], [ 107.576137, -6.890751 ], [ 107.576145, -6.890794 ], [ 107.576147, -6.890805 ], [ 107.576158, -6.89087 ], [ 107.57616, -6.890881 ], [ 107.576167, -6.890913 ], [ 107.576186, -6.891021 ], [ 107.576138, -6.891012 ], [ 107.575618, -6.890907 ], [ 107.57524, -6.890895 ], [ 107.574604, -6.890876 ], [ 107.573949, -6.890735 ], [ 107.573399, -6.890575 ], [ 107.573114, -6.890478 ], [ 107.572562, -6.890259 ], [ 107.572357, -6.890178 ], [ 107.572096, -6.890111 ], [ 107.571858, -6.890052 ], [ 107.57131, -6.889909 ], [ 107.570727, -6.889778 ], [ 107.570299, -6.889695 ], [ 107.569908, -6.88962 ], [ 107.569427, -6.889557 ], [ 107.568871, -6.889455 ], [ 107.568132, -6.889365 ], [ 107.566623, -6.889086 ], [ 107.566501, -6.889065 ], [ 107.566005, -6.888971 ], [ 107.565212, -6.888835 ], [ 107.565161, -6.888802 ], [ 107.565071, -6.888746 ], [ 107.565007, -6.888699 ], [ 107.564941, -6.888657 ], [ 107.564885, -6.888589 ], [ 107.564771, -6.88857 ], [ 107.564462, -6.888503 ], [ 107.563601, -6.888337 ], [ 107.563072, -6.88827 ], [ 107.56292, -6.88826 ], [ 107.562839, -6.88837 ], [ 107.562792, -6.888403 ], [ 107.562706, -6.888424 ], [ 107.562282, -6.88836 ], [ 107.562239, -6.888294 ], [ 107.5621, -6.888245 ], [ 107.561983, -6.888198 ], [ 107.561815, -6.888168 ], [ 107.561749, -6.888142 ], [ 107.56163, -6.888118 ], [ 107.561601, -6.88819 ], [ 107.561178, -6.888227 ], [ 107.560607, -6.888251 ], [ 107.560103, -6.888303 ], [ 107.559632, -6.888351 ], [ 107.55914, -6.888401 ], [ 107.559041, -6.888351 ], [ 107.558923, -6.888427 ], [ 107.558413, -6.888508 ], [ 107.558389, -6.888556 ], [ 107.558342, -6.888646 ], [ 107.558304, -6.88876 ], [ 107.558285, -6.88897 ], [ 107.558271, -6.889222 ], [ 107.557947, -6.889046 ], [ 107.557852, -6.889117 ], [ 107.557814, -6.889131 ], [ 107.557671, -6.88915 ], [ 107.557561, -6.889165 ], [ 107.557433, -6.889165 ], [ 107.557343, -6.88915 ], [ 107.557205, -6.889212 ], [ 107.557166, -6.889279 ], [ 107.557014, -6.889331 ], [ 107.55681, -6.889407 ], [ 107.556629, -6.889503 ], [ 107.55646, -6.889638 ], [ 107.556455, -6.889642 ], [ 107.556438, -6.889656 ], [ 107.556656, -6.890056 ], [ 107.556927, -6.890487 ], [ 107.55711, -6.890784 ], [ 107.557128, -6.890813 ], [ 107.557457, -6.891355 ], [ 107.557745, -6.891804 ], [ 107.557977, -6.892207 ], [ 107.558063, -6.892354 ], [ 107.55843, -6.892996 ], [ 107.558512, -6.893173 ], [ 107.558569, -6.893254 ], [ 107.558943, -6.893835 ], [ 107.559058, -6.89403 ], [ 107.559389, -6.894577 ], [ 107.559573, -6.89487 ], [ 107.55968, -6.895042 ], [ 107.559717, -6.895102 ], [ 107.559723, -6.895113 ], [ 107.559725, -6.895116 ], [ 107.559833, -6.895292 ], [ 107.560111, -6.895744 ], [ 107.560444, -6.896271 ], [ 107.560536, -6.896434 ], [ 107.560541, -6.896442 ], [ 107.560543, -6.896446 ], [ 107.560591, -6.896531 ], [ 107.560642, -6.896621 ], [ 107.560993, -6.89719 ], [ 107.561434, -6.897905 ], [ 107.561774, -6.898464 ], [ 107.561839, -6.898595 ], [ 107.562181, -6.899138 ], [ 107.562285, -6.899304 ], [ 107.562529, -6.899693 ], [ 107.562771, -6.900076 ], [ 107.562854, -6.9002 ], [ 107.563215, -6.900841 ], [ 107.563285, -6.90095 ], [ 107.563588, -6.90143 ], [ 107.563631, -6.901499 ], [ 107.563669, -6.901556 ], [ 107.563759, -6.901691 ], [ 107.564064, -6.902193 ], [ 107.564108, -6.90227 ], [ 107.564427, -6.902828 ], [ 107.564746, -6.903387 ], [ 107.564777, -6.90343 ], [ 107.564832, -6.903504 ], [ 107.564857, -6.903543 ], [ 107.564884, -6.903591 ], [ 107.564983, -6.903766 ], [ 107.565011, -6.903815 ], [ 107.565073, -6.903923 ], [ 107.565138, -6.904036 ], [ 107.565375, -6.904428 ], [ 107.565681, -6.904932 ], [ 107.565777, -6.905068 ], [ 107.565791, -6.905092 ], [ 107.565798, -6.905104 ], [ 107.56581, -6.905124 ], [ 107.566103, -6.905625 ], [ 107.566216, -6.905826 ], [ 107.566361, -6.906051 ], [ 107.566458, -6.906203 ], [ 107.566555, -6.906361 ], [ 107.566569, -6.906392 ], [ 107.566619, -6.906503 ], [ 107.566651, -6.906549 ], [ 107.56686, -6.906851 ], [ 107.567005, -6.907109 ], [ 107.567381, -6.907716 ], [ 107.567704, -6.908271 ], [ 107.567773, -6.908369 ], [ 107.567944, -6.908636 ], [ 107.568079, -6.90888 ], [ 107.56817, -6.909024 ], [ 107.568297, -6.90924 ], [ 107.568357, -6.909339 ], [ 107.568397, -6.909405 ], [ 107.568616, -6.909755 ], [ 107.568832, -6.91013 ], [ 107.568859, -6.910178 ], [ 107.568972, -6.910362 ], [ 107.568968, -6.910365 ], [ 107.568869, -6.910427 ], [ 107.568725, -6.910545 ], [ 107.568681, -6.910663 ], [ 107.568513, -6.910957 ], [ 107.568412, -6.911135 ], [ 107.568322, -6.911316 ], [ 107.568301, -6.911352 ], [ 107.568222, -6.911339 ], [ 107.568194, -6.911335 ], [ 107.568085, -6.911263 ], [ 107.567969, -6.911131 ], [ 107.567958, -6.911119 ], [ 107.567924, -6.911099 ], [ 107.567898, -6.911084 ], [ 107.567803, -6.911029 ], [ 107.567645, -6.911003 ], [ 107.567584, -6.911022 ], [ 107.567508, -6.911148 ], [ 107.567407, -6.911312 ], [ 107.567313, -6.911394 ], [ 107.567116, -6.911566 ], [ 107.566936, -6.911811 ], [ 107.566837, -6.911965 ], [ 107.566603, -6.912102 ], [ 107.566471, -6.912103 ], [ 107.566338, -6.912067 ], [ 107.566313, -6.912068 ], [ 107.565757, -6.912116 ], [ 107.565707, -6.912143 ], [ 107.565705, -6.912144 ], [ 107.565677, -6.912163 ], [ 107.565652, -6.91218 ], [ 107.565475, -6.912298 ], [ 107.565354, -6.912398 ], [ 107.565306, -6.91248 ], [ 107.565313, -6.91257 ], [ 107.565376, -6.912748 ], [ 107.565387, -6.912778 ], [ 107.565403, -6.912976 ], [ 107.56535, -6.913139 ], [ 107.56528, -6.913203 ], [ 107.565251, -6.91323 ], [ 107.565166, -6.913382 ], [ 107.565075, -6.913547 ], [ 107.565067, -6.913692 ], [ 107.565087, -6.913732 ], [ 107.565107, -6.913773 ], [ 107.56521, -6.913845 ], [ 107.565349, -6.913898 ], [ 107.565358, -6.913905 ], [ 107.565479, -6.913997 ], [ 107.565535, -6.914105 ], [ 107.565544, -6.914122 ], [ 107.565544, -6.914123 ], [ 107.565553, -6.914205 ], [ 107.56553, -6.914214 ], [ 107.565359, -6.914278 ], [ 107.565248, -6.914351 ], [ 107.565185, -6.914396 ], [ 107.565028, -6.914623 ], [ 107.564963, -6.914714 ], [ 107.564931, -6.914895 ], [ 107.564912, -6.915 ], [ 107.564875, -6.915211 ], [ 107.564864, -6.915227 ], [ 107.564672, -6.915511 ], [ 107.564577, -6.915674 ], [ 107.564539, -6.915873 ], [ 107.564637, -6.916469 ], [ 107.564571, -6.916803 ], [ 107.564544, -6.916939 ], [ 107.564588, -6.917022 ], [ 107.564592, -6.917029 ], [ 107.564812, -6.917137 ], [ 107.564949, -6.917226 ], [ 107.564976, -6.917268 ], [ 107.565081, -6.917433 ], [ 107.565242, -6.917699 ], [ 107.565267, -6.91774 ], [ 107.565411, -6.917899 ], [ 107.565437, -6.917928 ], [ 107.565446, -6.917938 ], [ 107.565462, -6.917955 ], [ 107.565512, -6.918 ], [ 107.565521, -6.918022 ], [ 107.565539, -6.918064 ], [ 107.565562, -6.918118 ], [ 107.565525, -6.918303 ], [ 107.565502, -6.918416 ], [ 107.565554, -6.918651 ], [ 107.565563, -6.918729 ], [ 107.565571, -6.918795 ], [ 107.565473, -6.919085 ], [ 107.565449, -6.919153 ], [ 107.565418, -6.919238 ], [ 107.565411, -6.919258 ], [ 107.565404, -6.919278 ], [ 107.56538, -6.919344 ], [ 107.565379, -6.919348 ], [ 107.565373, -6.919357 ], [ 107.565322, -6.919392 ], [ 107.565298, -6.919408 ], [ 107.565276, -6.919423 ], [ 107.565148, -6.919511 ], [ 107.565141, -6.919513 ], [ 107.565085, -6.919535 ], [ 107.565001, -6.919567 ], [ 107.564921, -6.919632 ], [ 107.564868, -6.919739 ], [ 107.564844, -6.919802 ], [ 107.564948, -6.919919 ], [ 107.565058, -6.920018 ], [ 107.565065, -6.920063 ], [ 107.565035, -6.92009 ], [ 107.564957, -6.920145 ], [ 107.564848, -6.920191 ], [ 107.564803, -6.920205 ], [ 107.564784, -6.920367 ], [ 107.564783, -6.920498 ], [ 107.564789, -6.920815 ], [ 107.564735, -6.921265 ], [ 107.564706, -6.921439 ], [ 107.56471, -6.921572 ], [ 107.564681, -6.921686 ], [ 107.564673, -6.921782 ], [ 107.564716, -6.921882 ], [ 107.564784, -6.922153 ], [ 107.564806, -6.922267 ], [ 107.564816, -6.922361 ], [ 107.564856, -6.922681 ], [ 107.564868, -6.922824 ], [ 107.564859, -6.923178 ], [ 107.564889, -6.923483 ], [ 107.564901, -6.923709 ], [ 107.564899, -6.923844 ], [ 107.564905, -6.923959 ], [ 107.564933, -6.924047 ], [ 107.565002, -6.924211 ], [ 107.565047, -6.924359 ], [ 107.565053, -6.924418 ], [ 107.565016, -6.924479 ], [ 107.564947, -6.924555 ], [ 107.564402, -6.92501 ], [ 107.564327, -6.925092 ], [ 107.564127, -6.925292 ], [ 107.563978, -6.925446 ], [ 107.563841, -6.925582 ], [ 107.563838, -6.925583 ], [ 107.563702, -6.925755 ], [ 107.563646, -6.925828 ], [ 107.563568, -6.925839 ], [ 107.563404, -6.925708 ], [ 107.563367, -6.92573 ], [ 107.563205, -6.925857 ], [ 107.563079, -6.926029 ], [ 107.563015, -6.926238 ], [ 107.562764, -6.927161 ], [ 107.562763, -6.927165 ], [ 107.562738, -6.927324 ], [ 107.562776, -6.92745 ], [ 107.562837, -6.927639 ], [ 107.562837, -6.927691 ], [ 107.562838, -6.927841 ], [ 107.562859, -6.927873 ], [ 107.563366, -6.928635 ], [ 107.563841, -6.928806 ], [ 107.563876, -6.928863 ], [ 107.563942, -6.92897 ], [ 107.564, -6.929043 ], [ 107.564134, -6.929212 ], [ 107.564323, -6.929338 ], [ 107.564396, -6.929388 ], [ 107.564696, -6.929504 ], [ 107.5649, -6.929582 ], [ 107.565223, -6.929661 ], [ 107.565227, -6.929662 ], [ 107.565103, -6.930115 ], [ 107.565094, -6.930147 ], [ 107.565082, -6.930177 ], [ 107.564888, -6.930657 ], [ 107.564728, -6.931041 ], [ 107.564491, -6.931644 ], [ 107.564461, -6.931788 ], [ 107.564498, -6.932122 ], [ 107.564499, -6.93213 ], [ 107.564526, -6.932265 ], [ 107.564512, -6.932276 ], [ 107.564493, -6.932307 ], [ 107.564333, -6.932575 ], [ 107.564287, -6.932696 ], [ 107.564239, -6.932788 ], [ 107.564228, -6.932808 ], [ 107.564153, -6.932868 ], [ 107.564061, -6.932873 ], [ 107.563992, -6.932833 ], [ 107.56391, -6.932775 ], [ 107.563447, -6.932447 ], [ 107.563129, -6.932302 ], [ 107.562826, -6.93223 ], [ 107.562644, -6.932186 ], [ 107.562258, -6.932094 ], [ 107.562091, -6.932057 ], [ 107.561869, -6.93199 ], [ 107.561861, -6.931987 ], [ 107.56186, -6.931987 ], [ 107.561795, -6.931961 ], [ 107.561659, -6.931906 ], [ 107.561293, -6.931766 ], [ 107.560996, -6.93165 ], [ 107.560633, -6.931511 ], [ 107.560519, -6.931468 ], [ 107.560299, -6.931384 ], [ 107.560084, -6.931302 ], [ 107.559796, -6.931217 ], [ 107.559727, -6.931185 ], [ 107.55951, -6.931103 ], [ 107.559341, -6.93098 ], [ 107.559196, -6.930874 ], [ 107.559136, -6.930831 ], [ 107.559151, -6.930795 ], [ 107.559115, -6.930741 ], [ 107.559058, -6.930705 ], [ 107.558987, -6.93066 ], [ 107.558956, -6.930606 ], [ 107.558971, -6.930549 ], [ 107.558971, -6.930547 ], [ 107.558979, -6.930516 ], [ 107.559295, -6.929945 ], [ 107.55936, -6.929827 ], [ 107.559505, -6.929591 ], [ 107.55963, -6.92941 ], [ 107.559638, -6.929398 ], [ 107.559648, -6.929383 ], [ 107.559661, -6.929383 ], [ 107.559771, -6.929383 ], [ 107.559773, -6.92938 ], [ 107.559839, -6.929274 ], [ 107.559873, -6.929065 ], [ 107.5599, -6.928884 ], [ 107.559927, -6.928559 ], [ 107.56, -6.92845 ], [ 107.560092, -6.928345 ], [ 107.560224, -6.928196 ], [ 107.56034, -6.927969 ], [ 107.560351, -6.927941 ], [ 107.560539, -6.927473 ], [ 107.560311, -6.927478 ], [ 107.559594, -6.927455 ], [ 107.559559, -6.927454 ], [ 107.559566, -6.92714 ], [ 107.559577, -6.926962 ], [ 107.559585, -6.926844 ], [ 107.55937, -6.926837 ], [ 107.559341, -6.926836 ], [ 107.559343, -6.926801 ], [ 107.559345, -6.926741 ], [ 107.559354, -6.926523 ], [ 107.559046, -6.926505 ], [ 107.558688, -6.926484 ], [ 107.558635, -6.926481 ], [ 107.558649, -6.926177 ], [ 107.558657, -6.925997 ], [ 107.558034, -6.925978 ], [ 107.557988, -6.926328 ], [ 107.557998, -6.926351 ], [ 107.558028, -6.926417 ], [ 107.558061, -6.92649 ], [ 107.558044, -6.926598 ], [ 107.558015, -6.926786 ], [ 107.558012, -6.926807 ], [ 107.557978, -6.927033 ], [ 107.557952, -6.927214 ], [ 107.558009, -6.927333 ], [ 107.558038, -6.927394 ], [ 107.558116, -6.927538 ], [ 107.558119, -6.927784 ], [ 107.558121, -6.927936 ], [ 107.558248, -6.928297 ], [ 107.558264, -6.928351 ], [ 107.558276, -6.928387 ], [ 107.558196, -6.928577 ], [ 107.558092, -6.928731 ], [ 107.558036, -6.928948 ], [ 107.558036, -6.929102 ], [ 107.558036, -6.92912 ], [ 107.557985, -6.929263 ], [ 107.557958, -6.929338 ], [ 107.557851, -6.929636 ], [ 107.557819, -6.929691 ], [ 107.557735, -6.929641 ], [ 107.557631, -6.929579 ], [ 107.557551, -6.929534 ], [ 107.557338, -6.929423 ], [ 107.55713, -6.929318 ], [ 107.557127, -6.929316 ], [ 107.556969, -6.929235 ], [ 107.556927, -6.929214 ], [ 107.556786, -6.929141 ], [ 107.55643, -6.928928 ], [ 107.556407, -6.928914 ], [ 107.556147, -6.928754 ], [ 107.556139, -6.928749 ], [ 107.55595, -6.928624 ], [ 107.555919, -6.9287 ], [ 107.555898, -6.928749 ], [ 107.555849, -6.928833 ], [ 107.555811, -6.928934 ], [ 107.555788, -6.928985 ], [ 107.555778, -6.929048 ], [ 107.555774, -6.929105 ], [ 107.555788, -6.929164 ], [ 107.555803, -6.929206 ], [ 107.555863, -6.929267 ], [ 107.555832, -6.929326 ], [ 107.555824, -6.929321 ], [ 107.555747, -6.929274 ], [ 107.55544, -6.929088 ], [ 107.555351, -6.929043 ], [ 107.555278, -6.929018 ], [ 107.555114, -6.928962 ], [ 107.555018, -6.928938 ], [ 107.554821, -6.928842 ], [ 107.55462, -6.92861 ], [ 107.55446, -6.928737 ], [ 107.554403, -6.928755 ], [ 107.554329, -6.928761 ], [ 107.554272, -6.928752 ], [ 107.554204, -6.92874 ], [ 107.553775, -6.928573 ], [ 107.553555, -6.928499 ], [ 107.553662, -6.928178 ], [ 107.553151, -6.927988 ], [ 107.552764, -6.927845 ], [ 107.552785, -6.927773 ], [ 107.552767, -6.927744 ], [ 107.552734, -6.927693 ], [ 107.552681, -6.927586 ], [ 107.552639, -6.927458 ], [ 107.55261, -6.927372 ], [ 107.552601, -6.927292 ], [ 107.552598, -6.927187 ], [ 107.552618, -6.927134 ], [ 107.55227, -6.927054 ], [ 107.552034, -6.926978 ], [ 107.55185, -6.927554 ], [ 107.551819, -6.92768 ], [ 107.551652, -6.927622 ], [ 107.551304, -6.927531 ], [ 107.551529, -6.926757 ], [ 107.551245, -6.926668 ], [ 107.551182, -6.926648 ], [ 107.551006, -6.926586 ], [ 107.550846, -6.926529 ], [ 107.550835, -6.926554 ], [ 107.550753, -6.926529 ], [ 107.550671, -6.926515 ], [ 107.55051, -6.926472 ], [ 107.550353, -6.926419 ], [ 107.55025, -6.926389 ], [ 107.550192, -6.926362 ], [ 107.550175, -6.926355 ], [ 107.55015, -6.926393 ], [ 107.550093, -6.926459 ], [ 107.550046, -6.926548 ], [ 107.550016, -6.926613 ], [ 107.549998, -6.926682 ], [ 107.549983, -6.926765 ], [ 107.549965, -6.92686 ], [ 107.549936, -6.926949 ], [ 107.549897, -6.927021 ], [ 107.549865, -6.927045 ], [ 107.549837, -6.927065 ], [ 107.549787, -6.927101 ], [ 107.549689, -6.927125 ], [ 107.549657, -6.927133 ], [ 107.549564, -6.927155 ], [ 107.549553, -6.927158 ], [ 107.549533, -6.927163 ], [ 107.549475, -6.927179 ], [ 107.549439, -6.92719 ], [ 107.549406, -6.927229 ], [ 107.549388, -6.927274 ], [ 107.549379, -6.927336 ], [ 107.548574, -6.927135 ], [ 107.54715, -6.926778 ], [ 107.546922, -6.926775 ], [ 107.546743, -6.926743 ], [ 107.546354, -6.926796 ], [ 107.546194, -6.926803 ], [ 107.546133, -6.926478 ], [ 107.546115, -6.926379 ], [ 107.546047, -6.926375 ], [ 107.545944, -6.926561 ], [ 107.545694, -6.926482 ], [ 107.545689, -6.92648 ], [ 107.545623, -6.926607 ], [ 107.545548, -6.926751 ], [ 107.545548, -6.926752 ], [ 107.545547, -6.926753 ], [ 107.545547, -6.926754 ], [ 107.545546, -6.926755 ], [ 107.545567, -6.926797 ], [ 107.545567, -6.926959 ], [ 107.545709, -6.927064 ], [ 107.545881, -6.927483 ], [ 107.54619, -6.928101 ], [ 107.546442, -6.928639 ], [ 107.546566, -6.928872 ], [ 107.546747, -6.929139 ], [ 107.546947, -6.929448 ], [ 107.547356, -6.930024 ], [ 107.547656, -6.9304 ], [ 107.547756, -6.930528 ], [ 107.548479, -6.931637 ], [ 107.548669, -6.931808 ], [ 107.548769, -6.931842 ], [ 107.548755, -6.93197 ], [ 107.548903, -6.93207 ], [ 107.548893, -6.932132 ], [ 107.549117, -6.93246 ], [ 107.549488, -6.933003 ], [ 107.549902, -6.933598 ], [ 107.550116, -6.933855 ], [ 107.550402, -6.934164 ], [ 107.550521, -6.934374 ], [ 107.550759, -6.934735 ], [ 107.551044, -6.93514 ], [ 107.551282, -6.93544 ], [ 107.55172, -6.936053 ], [ 107.551934, -6.936325 ], [ 107.552362, -6.936872 ], [ 107.55271, -6.937367 ], [ 107.553471, -6.938438 ], [ 107.553923, -6.939075 ], [ 107.554618, -6.940165 ], [ 107.554937, -6.940627 ], [ 107.555127, -6.940855 ], [ 107.55547, -6.941317 ], [ 107.555775, -6.941731 ], [ 107.555969, -6.941985 ], [ 107.55599, -6.942012 ], [ 107.555993, -6.942016 ], [ 107.55625, -6.942449 ], [ 107.556388, -6.942621 ], [ 107.556536, -6.942797 ], [ 107.556679, -6.942916 ], [ 107.557026, -6.94322 ], [ 107.557121, -6.943287 ], [ 107.557159, -6.943306 ], [ 107.557212, -6.943335 ], [ 107.557238, -6.943357 ], [ 107.55725, -6.943368 ], [ 107.557293, -6.943468 ], [ 107.557469, -6.943725 ], [ 107.557926, -6.944401 ], [ 107.558116, -6.944696 ], [ 107.55839, -6.945112 ], [ 107.558467, -6.945228 ], [ 107.559053, -6.946057 ], [ 107.559172, -6.946257 ], [ 107.55951, -6.946728 ], [ 107.559924, -6.947323 ], [ 107.560119, -6.947608 ], [ 107.5602, -6.947756 ], [ 107.560243, -6.947851 ], [ 107.560276, -6.947951 ], [ 107.560362, -6.948151 ], [ 107.560581, -6.948436 ], [ 107.560843, -6.948765 ], [ 107.561081, -6.949036 ], [ 107.561381, -6.949302 ], [ 107.561623, -6.949545 ], [ 107.561878, -6.949771 ], [ 107.562663, -6.950488 ], [ 107.562874, -6.95066 ], [ 107.563095, -6.950845 ], [ 107.563131, -6.95089 ], [ 107.563313, -6.951109 ], [ 107.563673, -6.951309 ], [ 107.564273, -6.951659 ], [ 107.564833, -6.952102 ], [ 107.565012, -6.952241 ], [ 107.565658, -6.952605 ], [ 107.566011, -6.952805 ], [ 107.566407, -6.95304 ], [ 107.566668, -6.953169 ], [ 107.566727, -6.953201 ], [ 107.566909, -6.953299 ], [ 107.567, -6.953347 ], [ 107.567013, -6.953355 ], [ 107.567072, -6.953389 ], [ 107.567449, -6.953604 ], [ 107.567642, -6.953701 ], [ 107.567938, -6.953883 ], [ 107.56822, -6.954036 ], [ 107.568606, -6.954179 ], [ 107.568847, -6.954272 ], [ 107.569163, -6.954465 ], [ 107.569612, -6.954721 ], [ 107.570294, -6.955128 ], [ 107.570472, -6.955232 ], [ 107.570565, -6.955271 ], [ 107.570651, -6.955307 ], [ 107.570712, -6.955328 ], [ 107.570787, -6.95535 ], [ 107.57084, -6.955371 ], [ 107.570861, -6.955407 ], [ 107.570872, -6.955485 ], [ 107.571233, -6.955682 ], [ 107.571429, -6.95576 ], [ 107.572142, -6.956086 ], [ 107.575877, -6.958055 ], [ 107.576778, -6.958537 ], [ 107.57696, -6.958634 ], [ 107.577653, -6.95903 ], [ 107.578552, -6.959529 ], [ 107.579166, -6.959861 ], [ 107.579441, -6.959965 ], [ 107.579722, -6.96012 ], [ 107.579846, -6.960188 ], [ 107.579926, -6.960233 ], [ 107.579941, -6.960204 ], [ 107.580016, -6.960158 ], [ 107.580069, -6.960161 ], [ 107.58013, -6.960193 ], [ 107.580262, -6.960279 ], [ 107.580572, -6.960507 ], [ 107.580929, -6.960754 ], [ 107.581386, -6.960996 ], [ 107.582164, -6.961293 ], [ 107.583028, -6.961639 ], [ 107.583438, -6.961753 ], [ 107.583413, -6.961849 ], [ 107.58377, -6.961939 ], [ 107.584309, -6.96206 ], [ 107.584898, -6.962171 ], [ 107.585405, -6.962288 ], [ 107.585419, -6.962263 ], [ 107.585444, -6.962231 ], [ 107.585491, -6.962214 ], [ 107.585555, -6.962214 ], [ 107.585901, -6.962292 ], [ 107.586215, -6.962349 ], [ 107.586244, -6.96241 ], [ 107.586329, -6.962417 ], [ 107.586429, -6.962426 ], [ 107.587072, -6.962486 ], [ 107.587566, -6.962521 ], [ 107.587764, -6.962521 ], [ 107.587905, -6.962521 ], [ 107.588342, -6.962527 ], [ 107.588351, -6.962527 ], [ 107.58847, -6.962519 ], [ 107.588856, -6.962492 ], [ 107.58916, -6.962462 ], [ 107.589624, -6.96242 ], [ 107.589939, -6.96239 ], [ 107.59029, -6.962367 ], [ 107.590439, -6.962361 ], [ 107.590695, -6.962361 ], [ 107.590903, -6.962361 ], [ 107.591408, -6.962331 ], [ 107.592188, -6.962272 ], [ 107.592919, -6.962212 ], [ 107.593449, -6.962182 ], [ 107.593603, -6.962173 ], [ 107.594073, -6.962147 ], [ 107.594882, -6.962069 ], [ 107.596072, -6.961974 ], [ 107.596447, -6.961921 ], [ 107.596994, -6.961861 ], [ 107.597785, -6.961813 ], [ 107.598237, -6.961784 ], [ 107.598898, -6.961736 ], [ 107.599552, -6.961694 ], [ 107.600129, -6.961659 ], [ 107.600361, -6.961635 ], [ 107.600596, -6.961614 ], [ 107.60114, -6.961564 ], [ 107.601979, -6.961534 ], [ 107.604594, -6.961391 ], [ 107.604692, -6.961385 ], [ 107.606006, -6.961314 ], [ 107.607172, -6.96123 ], [ 107.608166, -6.961147 ], [ 107.608647, -6.961101 ], [ 107.60866, -6.9611 ], [ 107.608716, -6.961094 ], [ 107.609231, -6.961046 ], [ 107.609903, -6.961022 ], [ 107.610658, -6.960981 ], [ 107.610783, -6.960969 ], [ 107.611378, -6.960915 ], [ 107.611783, -6.960885 ], [ 107.612086, -6.96085 ], [ 107.612455, -6.960802 ], [ 107.612824, -6.960778 ], [ 107.613282, -6.960755 ], [ 107.613722, -6.960713 ], [ 107.614073, -6.960648 ], [ 107.614305, -6.960642 ], [ 107.614448, -6.960624 ], [ 107.614662, -6.960606 ], [ 107.614828, -6.960624 ], [ 107.614959, -6.960653 ], [ 107.615048, -6.960653 ], [ 107.615096, -6.960636 ], [ 107.615155, -6.960624 ], [ 107.615429, -6.960624 ], [ 107.61575, -6.960636 ], [ 107.616125, -6.960648 ], [ 107.616375, -6.960656 ], [ 107.616536, -6.960677 ], [ 107.616762, -6.960701 ], [ 107.616958, -6.960731 ], [ 107.617202, -6.960784 ], [ 107.617553, -6.960874 ], [ 107.617785, -6.960921 ], [ 107.618082, -6.960975 ], [ 107.618445, -6.961052 ], [ 107.618653, -6.9611 ], [ 107.619022, -6.961236 ], [ 107.61923, -6.961302 ], [ 107.619557, -6.961433 ], [ 107.619766, -6.961522 ], [ 107.620093, -6.961659 ], [ 107.620343, -6.961766 ], [ 107.620925, -6.962021 ], [ 107.620983, -6.962046 ], [ 107.621241, -6.962158 ], [ 107.621889, -6.962414 ], [ 107.622443, -6.962634 ], [ 107.622767, -6.962745 ], [ 107.623002, -6.962825 ], [ 107.623172, -6.962921 ], [ 107.623611, -6.9631 ], [ 107.623846, -6.963158 ], [ 107.62402, -6.96316 ], [ 107.624054, -6.963198 ], [ 107.624233, -6.963271 ], [ 107.624531, -6.963396 ], [ 107.625102, -6.96355 ], [ 107.625476, -6.963669 ], [ 107.625887, -6.9638 ], [ 107.626482, -6.963955 ], [ 107.627344, -6.964145 ], [ 107.628433, -6.964318 ], [ 107.628873, -6.964336 ], [ 107.629646, -6.964246 ], [ 107.629706, -6.964449 ], [ 107.630473, -6.96452 ], [ 107.631348, -6.964562 ], [ 107.634768, -6.96505 ], [ 107.634959, -6.965077 ], [ 107.635839, -6.965206 ], [ 107.636136, -6.965246 ], [ 107.636485, -6.965276 ], [ 107.636523, -6.96528 ], [ 107.636886, -6.965311 ], [ 107.638016, -6.965442 ], [ 107.639111, -6.965579 ], [ 107.639795, -6.965668 ], [ 107.640112, -6.965701 ], [ 107.64036, -6.965704 ], [ 107.640651, -6.965698 ], [ 107.641145, -6.965692 ], [ 107.64152, -6.965644 ], [ 107.641924, -6.965609 ], [ 107.642365, -6.965508 ], [ 107.642513, -6.965496 ], [ 107.642799, -6.965484 ], [ 107.64312, -6.965424 ], [ 107.643519, -6.965335 ], [ 107.644154, -6.965195 ], [ 107.644207, -6.965082 ], [ 107.644399, -6.965109 ], [ 107.644762, -6.965002 ], [ 107.645089, -6.964913 ], [ 107.645416, -6.964823 ], [ 107.64563, -6.964776 ], [ 107.646065, -6.964675 ], [ 107.646462, -6.964612 ], [ 107.646749, -6.964556 ], [ 107.646945, -6.964544 ], [ 107.647298, -6.96452 ], [ 107.647689, -6.964467 ], [ 107.648049, -6.964447 ], [ 107.648045, -6.964417 ], [ 107.648521, -6.964425 ], [ 107.649027, -6.964461 ], [ 107.649438, -6.964478 ], [ 107.649913, -6.964484 ], [ 107.650044, -6.9645 ], [ 107.651252, -6.964639 ], [ 107.65196, -6.964758 ], [ 107.653042, -6.964942 ], [ 107.654189, -6.965084 ], [ 107.654319, -6.9651 ], [ 107.654332, -6.965136 ], [ 107.655011, -6.96524 ], [ 107.655612, -6.965329 ], [ 107.656017, -6.965401 ], [ 107.656344, -6.96546 ], [ 107.656635, -6.96549 ], [ 107.657046, -6.965555 ], [ 107.657296, -6.965589 ], [ 107.657761, -6.965661 ], [ 107.657845, -6.965688 ], [ 107.658176, -6.965722 ], [ 107.658652, -6.965805 ], [ 107.659159, -6.965915 ], [ 107.659428, -6.965969 ], [ 107.65988, -6.966095 ], [ 107.660205, -6.966138 ], [ 107.660545, -6.966148 ], [ 107.660621, -6.96615 ], [ 107.661085, -6.966315 ], [ 107.661204, -6.966346 ], [ 107.661668, -6.966531 ], [ 107.661942, -6.966602 ], [ 107.662293, -6.966703 ], [ 107.662542, -6.966757 ], [ 107.662757, -6.966787 ], [ 107.662881, -6.966798 ], [ 107.663018, -6.966816 ], [ 107.663218, -6.966842 ], [ 107.663215, -6.966901 ], [ 107.663572, -6.966953 ], [ 107.663821, -6.966989 ], [ 107.663804, -6.96709 ], [ 107.664024, -6.96712 ], [ 107.664268, -6.967126 ], [ 107.664446, -6.967126 ], [ 107.66463, -6.967209 ], [ 107.664934, -6.967256 ], [ 107.6651, -6.96728 ], [ 107.665231, -6.967328 ], [ 107.66538, -6.967346 ], [ 107.665689, -6.967381 ], [ 107.666064, -6.967399 ], [ 107.66648, -6.967417 ], [ 107.666849, -6.967411 ], [ 107.667266, -6.967393 ], [ 107.6677, -6.967387 ], [ 107.668265, -6.967358 ], [ 107.66883, -6.96731 ], [ 107.669157, -6.967286 ], [ 107.669307, -6.967296 ], [ 107.669342, -6.967298 ], [ 107.669479, -6.967298 ], [ 107.67002, -6.967286 ], [ 107.670056, -6.967179 ], [ 107.670508, -6.967197 ], [ 107.670972, -6.967203 ], [ 107.671204, -6.967264 ], [ 107.671339, -6.967329 ], [ 107.671446, -6.967341 ], [ 107.671864, -6.967393 ], [ 107.672274, -6.967429 ], [ 107.672643, -6.967494 ], [ 107.672666, -6.967498 ], [ 107.67291, -6.967538 ], [ 107.673226, -6.96759 ], [ 107.673405, -6.967613 ], [ 107.673845, -6.967661 ], [ 107.674339, -6.967703 ], [ 107.674767, -6.967744 ], [ 107.675088, -6.967774 ], [ 107.675451, -6.967786 ], [ 107.676066, -6.967814 ], [ 107.676067, -6.967786 ], [ 107.676453, -6.967786 ], [ 107.676476, -6.967786 ], [ 107.676486, -6.967786 ], [ 107.67648, -6.967893 ], [ 107.677063, -6.967952 ], [ 107.677229, -6.967968 ], [ 107.677519, -6.967995 ], [ 107.677694, -6.968012 ], [ 107.677754, -6.968018 ], [ 107.678122, -6.968057 ], [ 107.678259, -6.968071 ], [ 107.678485, -6.968089 ], [ 107.678622, -6.968107 ], [ 107.678907, -6.968137 ], [ 107.679252, -6.968167 ], [ 107.679425, -6.968167 ], [ 107.679657, -6.968179 ], [ 107.679663, -6.968214 ], [ 107.680329, -6.968286 ], [ 107.68087, -6.968345 ], [ 107.681786, -6.968446 ], [ 107.682804, -6.968541 ], [ 107.683172, -6.968565 ], [ 107.683333, -6.968506 ], [ 107.684475, -6.968613 ], [ 107.684469, -6.96869 ], [ 107.684987, -6.968726 ], [ 107.685605, -6.968803 ], [ 107.686105, -6.968857 ], [ 107.686302, -6.968864 ], [ 107.686306, -6.968864 ], [ 107.686617, -6.968875 ], [ 107.686944, -6.968898 ], [ 107.687348, -6.968952 ], [ 107.687765, -6.968999 ], [ 107.688258, -6.969053 ], [ 107.688776, -6.969118 ], [ 107.689472, -6.96919 ], [ 107.690037, -6.969261 ], [ 107.690293, -6.969273 ], [ 107.690882, -6.969321 ], [ 107.691387, -6.969368 ], [ 107.691923, -6.969422 ], [ 107.692197, -6.969441 ], [ 107.69244, -6.969457 ], [ 107.692809, -6.969481 ], [ 107.692922, -6.969475 ], [ 107.693065, -6.969475 ], [ 107.693493, -6.969475 ], [ 107.693844, -6.969499 ], [ 107.694284, -6.969499 ], [ 107.694647, -6.969481 ], [ 107.694877, -6.969471 ], [ 107.695331, -6.969452 ], [ 107.695612, -6.96943 ], [ 107.695795, -6.969416 ], [ 107.696575, -6.969356 ], [ 107.69689, -6.969327 ], [ 107.697164, -6.969285 ], [ 107.697645, -6.969214 ], [ 107.697854, -6.969184 ], [ 107.69808, -6.969178 ], [ 107.698532, -6.969083 ], [ 107.698901, -6.969017 ], [ 107.699317, -6.968934 ], [ 107.699484, -6.968797 ], [ 107.699775, -6.968857 ], [ 107.700185, -6.968756 ], [ 107.700203, -6.968601 ], [ 107.70034, -6.968595 ], [ 107.700423, -6.968631 ], [ 107.700471, -6.968678 ], [ 107.700691, -6.968643 ], [ 107.700767, -6.968629 ], [ 107.700828, -6.968619 ], [ 107.700871, -6.968604 ], [ 107.701125, -6.968518 ], [ 107.701581, -6.968373 ], [ 107.701762, -6.968315 ], [ 107.702041, -6.96822 ], [ 107.702218, -6.968166 ], [ 107.702333, -6.968131 ], [ 107.702523, -6.968054 ], [ 107.702743, -6.967988 ], [ 107.702946, -6.967911 ], [ 107.703154, -6.967851 ], [ 107.703261, -6.96781 ], [ 107.703523, -6.967703 ], [ 107.703604, -6.967675 ], [ 107.703784, -6.967613 ], [ 107.704059, -6.967511 ], [ 107.704245, -6.967433 ], [ 107.704423, -6.967354 ], [ 107.704579, -6.967278 ], [ 107.70465, -6.967243 ], [ 107.705392, -6.96688 ], [ 107.705416, -6.966869 ], [ 107.705658, -6.966747 ], [ 107.705858, -6.966647 ], [ 107.706044, -6.96659 ], [ 107.706208, -6.966505 ], [ 107.706579, -6.966305 ], [ 107.706829, -6.966169 ], [ 107.707343, -6.965912 ], [ 107.707828, -6.965662 ], [ 107.708092, -6.965524 ], [ 107.709095, -6.965004 ], [ 107.709135, -6.964984 ], [ 107.70938, -6.964856 ], [ 107.709806, -6.964634 ], [ 107.709934, -6.964577 ], [ 107.709977, -6.964534 ], [ 107.709998, -6.96447 ], [ 107.710006, -6.964384 ], [ 107.710245, -6.964421 ], [ 107.710312, -6.964382 ], [ 107.710402, -6.96433 ], [ 107.710562, -6.964256 ], [ 107.710698, -6.964199 ], [ 107.710776, -6.964035 ], [ 107.710941, -6.964056 ], [ 107.711398, -6.963842 ], [ 107.711726, -6.963656 ], [ 107.711926, -6.963556 ], [ 107.712049, -6.963498 ], [ 107.712137, -6.963435 ], [ 107.712254, -6.963378 ], [ 107.712511, -6.963242 ], [ 107.712651, -6.963166 ], [ 107.713137, -6.96293 ], [ 107.713198, -6.962851 ], [ 107.713372, -6.962816 ], [ 107.713662, -6.962663 ], [ 107.713869, -6.962547 ], [ 107.713891, -6.96239 ], [ 107.7141, -6.962419 ], [ 107.714438, -6.96223 ], [ 107.71465, -6.962128 ], [ 107.71465, -6.961955 ], [ 107.714875, -6.961979 ], [ 107.71492, -6.961728 ], [ 107.715361, -6.961755 ], [ 107.715765, -6.961502 ], [ 107.715893, -6.961456 ], [ 107.716093, -6.961349 ], [ 107.716085, -6.961307 ], [ 107.716038, -6.961141 ], [ 107.715996, -6.960974 ], [ 107.715931, -6.96076 ], [ 107.715913, -6.960504 ], [ 107.715943, -6.960391 ], [ 107.716032, -6.960296 ], [ 107.716139, -6.960225 ], [ 107.716276, -6.960129 ], [ 107.716383, -6.960052 ], [ 107.716413, -6.959903 ], [ 107.716441, -6.959506 ], [ 107.716484, -6.959285 ], [ 107.716441, -6.959185 ], [ 107.71632, -6.959078 ], [ 107.716241, -6.958999 ], [ 107.716156, -6.958871 ], [ 107.716065, -6.958799 ], [ 107.716009, -6.958774 ], [ 107.71595, -6.958753 ], [ 107.715905, -6.958729 ], [ 107.715875, -6.958702 ], [ 107.715854, -6.958663 ], [ 107.715854, -6.958604 ], [ 107.715866, -6.958524 ], [ 107.715896, -6.958369 ], [ 107.715932, -6.958197 ], [ 107.715961, -6.95806 ], [ 107.715976, -6.957965 ], [ 107.71597, -6.957893 ], [ 107.715953, -6.95784 ], [ 107.715887, -6.957768 ], [ 107.715822, -6.957679 ], [ 107.715777, -6.957602 ], [ 107.715771, -6.957548 ], [ 107.715762, -6.957483 ], [ 107.715762, -6.957417 ], [ 107.715768, -6.957346 ], [ 107.715783, -6.957271 ], [ 107.715786, -6.957194 ], [ 107.715783, -6.957129 ], [ 107.715774, -6.957081 ], [ 107.715759, -6.957001 ], [ 107.71575, -6.956924 ], [ 107.715735, -6.956816 ], [ 107.715718, -6.956733 ], [ 107.715703, -6.956662 ], [ 107.715667, -6.956501 ], [ 107.715631, -6.956367 ], [ 107.715596, -6.956242 ], [ 107.715569, -6.956156 ], [ 107.715536, -6.956103 ], [ 107.715477, -6.956034 ], [ 107.715411, -6.95599 ], [ 107.715301, -6.95593 ], [ 107.715182, -6.955877 ], [ 107.715096, -6.955859 ], [ 107.71501, -6.95585 ], [ 107.714944, -6.95585 ], [ 107.714855, -6.955844 ], [ 107.714798, -6.955844 ], [ 107.714736, -6.955862 ], [ 107.714691, -6.955882 ], [ 107.714644, -6.955942 ], [ 107.714611, -6.95599 ], [ 107.714569, -6.956076 ], [ 107.714549, -6.956138 ], [ 107.714513, -6.956198 ], [ 107.714459, -6.956248 ], [ 107.714394, -6.956272 ], [ 107.714305, -6.956278 ], [ 107.714189, -6.956278 ], [ 107.714058, -6.956281 ], [ 107.713963, -6.956284 ], [ 107.713865, -6.956263 ], [ 107.713731, -6.956225 ], [ 107.713615, -6.956165 ], [ 107.713552, -6.956117 ], [ 107.71352, -6.95607 ], [ 107.713502, -6.956022 ], [ 107.713478, -6.955948 ], [ 107.713475, -6.955883 ], [ 107.713485, -6.95585 ], [ 107.71351, -6.955771 ], [ 107.713527, -6.955718 ], [ 107.713547, -6.955653 ], [ 107.713553, -6.955619 ], [ 107.713554, -6.955617 ], [ 107.713562, -6.955574 ], [ 107.713509, -6.955494 ], [ 107.713462, -6.955422 ], [ 107.713421, -6.955362 ], [ 107.713354, -6.955258 ], [ 107.713301, -6.955178 ], [ 107.713204, -6.955031 ], [ 107.713129, -6.954916 ], [ 107.713085, -6.95485 ], [ 107.713029, -6.954765 ], [ 107.712962, -6.954663 ], [ 107.712693, -6.954431 ], [ 107.71266, -6.954389 ], [ 107.712624, -6.95432 ], [ 107.712549, -6.954086 ], [ 107.712547, -6.954012 ], [ 107.712553, -6.953961 ], [ 107.712568, -6.953905 ], [ 107.712606, -6.953824 ], [ 107.712684, -6.953625 ], [ 107.71274, -6.953479 ], [ 107.712782, -6.953354 ], [ 107.712794, -6.953304 ], [ 107.7128, -6.953244 ], [ 107.7128, -6.953188 ], [ 107.712803, -6.953116 ], [ 107.712809, -6.95306 ], [ 107.712838, -6.95298 ], [ 107.712868, -6.952902 ], [ 107.71291, -6.952822 ], [ 107.712963, -6.952724 ], [ 107.71302, -6.952602 ], [ 107.713041, -6.952551 ], [ 107.713044, -6.952483 ], [ 107.71305, -6.952417 ], [ 107.713044, -6.952322 ], [ 107.713035, -6.9522 ], [ 107.71302, -6.952063 ], [ 107.712993, -6.951846 ], [ 107.712966, -6.951641 ], [ 107.712954, -6.951525 ], [ 107.712948, -6.951388 ], [ 107.712948, -6.951186 ], [ 107.712948, -6.951073 ], [ 107.712934, -6.950981 ], [ 107.712907, -6.950835 ], [ 107.71288, -6.95068 ], [ 107.712874, -6.9506 ], [ 107.712874, -6.95055 ], [ 107.712877, -6.950502 ], [ 107.712886, -6.950457 ], [ 107.712898, -6.950422 ], [ 107.712919, -6.950356 ], [ 107.712951, -6.950276 ], [ 107.713014, -6.950121 ], [ 107.713136, -6.94983 ], [ 107.713213, -6.949648 ], [ 107.713273, -6.949517 ], [ 107.713323, -6.949419 ], [ 107.713362, -6.949357 ], [ 107.713365, -6.949312 ], [ 107.713356, -6.949259 ], [ 107.713353, -6.949184 ], [ 107.71335, -6.949114 ], [ 107.713325, -6.948957 ], [ 107.713301, -6.948811 ], [ 107.713284, -6.948705 ], [ 107.713277, -6.94866 ], [ 107.713249, -6.948583 ], [ 107.713225, -6.94853 ], [ 107.713201, -6.948485 ], [ 107.713157, -6.94845 ], [ 107.713067, -6.948417 ], [ 107.712984, -6.948381 ], [ 107.712934, -6.948343 ], [ 107.712906, -6.948305 ], [ 107.712904, -6.948264 ], [ 107.712901, -6.948223 ], [ 107.712898, -6.948171 ], [ 107.712904, -6.948143 ], [ 107.712925, -6.948096 ], [ 107.712948, -6.948039 ], [ 107.712966, -6.947989 ], [ 107.712972, -6.947929 ], [ 107.712973, -6.947897 ], [ 107.712976, -6.947825 ], [ 107.712979, -6.947763 ], [ 107.71298, -6.947738 ], [ 107.712981, -6.947673 ], [ 107.712984, -6.94762 ], [ 107.712999, -6.947569 ], [ 107.713011, -6.947525 ], [ 107.713029, -6.947474 ], [ 107.71305, -6.947441 ], [ 107.713067, -6.947409 ], [ 107.713103, -6.94737 ], [ 107.71313, -6.94734 ], [ 107.713157, -6.947308 ], [ 107.713183, -6.947266 ], [ 107.713207, -6.947221 ], [ 107.713225, -6.947159 ], [ 107.713237, -6.947076 ], [ 107.713249, -6.947007 ], [ 107.713264, -6.946936 ], [ 107.713279, -6.946888 ], [ 107.713299, -6.946846 ], [ 107.71332, -6.946817 ], [ 107.713365, -6.946775 ], [ 107.713439, -6.946716 ], [ 107.713534, -6.946641 ], [ 107.713644, -6.946567 ], [ 107.713695, -6.946537 ], [ 107.71374, -6.946501 ], [ 107.713763, -6.946472 ], [ 107.713784, -6.946445 ], [ 107.713814, -6.946391 ], [ 107.713832, -6.94635 ], [ 107.713859, -6.946314 ], [ 107.713894, -6.946281 ], [ 107.713936, -6.946246 ], [ 107.713981, -6.94621 ], [ 107.714052, -6.946159 ], [ 107.714168, -6.946088 ], [ 107.71423, -6.946046 ], [ 107.714287, -6.946023 ], [ 107.714352, -6.946005 ], [ 107.714397, -6.945999 ], [ 107.714445, -6.945999 ], [ 107.71454, -6.945999 ], [ 107.714611, -6.946002 ], [ 107.714671, -6.945993 ], [ 107.714745, -6.945969 ], [ 107.714828, -6.945942 ], [ 107.714907, -6.945917 ], [ 107.714958, -6.945883 ], [ 107.715012, -6.945849 ], [ 107.715078, -6.945805 ], [ 107.715141, -6.94577 ], [ 107.715218, -6.945725 ], [ 107.715292, -6.945695 ], [ 107.715364, -6.945681 ], [ 107.715441, -6.945675 ], [ 107.71553, -6.945681 ], [ 107.715584, -6.945692 ], [ 107.71573, -6.945714 ], [ 107.715842, -6.945732 ], [ 107.715851, -6.945704 ], [ 107.715899, -6.945594 ], [ 107.715926, -6.945505 ], [ 107.715961, -6.945353 ], [ 107.715989, -6.94519 ], [ 107.716024, -6.945054 ], [ 107.716046, -6.944964 ], [ 107.716074, -6.944848 ], [ 107.71611, -6.944702 ], [ 107.716162, -6.944506 ], [ 107.716202, -6.944359 ], [ 107.716271, -6.944163 ], [ 107.716417, -6.943817 ], [ 107.716479, -6.943683 ], [ 107.716541, -6.94355 ], [ 107.716598, -6.943427 ], [ 107.716738, -6.943135 ], [ 107.716789, -6.943017 ], [ 107.716849, -6.942888 ], [ 107.716901, -6.942776 ], [ 107.716972, -6.942622 ], [ 107.717083, -6.942396 ], [ 107.717175, -6.942205 ], [ 107.717214, -6.942126 ], [ 107.717225, -6.942092 ], [ 107.717238, -6.942054 ], [ 107.717208, -6.942025 ], [ 107.716944, -6.941919 ], [ 107.716664, -6.9418 ], [ 107.716503, -6.941731 ], [ 107.71645, -6.941703 ], [ 107.716424, -6.94169 ], [ 107.716428, -6.941665 ], [ 107.716446, -6.94163 ], [ 107.716634, -6.941264 ], [ 107.716759, -6.941014 ], [ 107.716863, -6.94082 ], [ 107.717002, -6.940577 ], [ 107.717133, -6.940398 ], [ 107.717205, -6.940303 ], [ 107.717243, -6.940241 ], [ 107.717273, -6.940184 ], [ 107.717294, -6.940127 ], [ 107.717321, -6.940077 ], [ 107.717345, -6.940038 ], [ 107.717386, -6.94 ], [ 107.717422, -6.939976 ], [ 107.717461, -6.939958 ], [ 107.717499, -6.939928 ], [ 107.717529, -6.93989 ], [ 107.717559, -6.939875 ], [ 107.717606, -6.939872 ], [ 107.717636, -6.939845 ], [ 107.717639, -6.939797 ], [ 107.717627, -6.939717 ], [ 107.717618, -6.939643 ], [ 107.717618, -6.939604 ], [ 107.717633, -6.939559 ], [ 107.717654, -6.939536 ], [ 107.717704, -6.939512 ], [ 107.717746, -6.9395 ], [ 107.717785, -6.939497 ], [ 107.717823, -6.939482 ], [ 107.71782, -6.939449 ], [ 107.717806, -6.939431 ], [ 107.717779, -6.93939 ], [ 107.717755, -6.939357 ], [ 107.717737, -6.939318 ], [ 107.717731, -6.939271 ], [ 107.717737, -6.939232 ], [ 107.717761, -6.939194 ], [ 107.717782, -6.939158 ], [ 107.71782, -6.939126 ], [ 107.717832, -6.939116 ], [ 107.717904, -6.939083 ], [ 107.717978, -6.939054 ], [ 107.718061, -6.939012 ], [ 107.718174, -6.938956 ], [ 107.718267, -6.938902 ], [ 107.718314, -6.938863 ], [ 107.718386, -6.938804 ], [ 107.71843, -6.938753 ], [ 107.718454, -6.938724 ], [ 107.718484, -6.938682 ], [ 107.718493, -6.938634 ], [ 107.718496, -6.938587 ], [ 107.71851, -6.938539 ], [ 107.71854, -6.938501 ], [ 107.718576, -6.938486 ], [ 107.718615, -6.938468 ], [ 107.718656, -6.938462 ], [ 107.718692, -6.938468 ], [ 107.718742, -6.938486 ], [ 107.718787, -6.938495 ], [ 107.718835, -6.938503 ], [ 107.718882, -6.938501 ], [ 107.71893, -6.938498 ], [ 107.718966, -6.938486 ], [ 107.719013, -6.938474 ], [ 107.719064, -6.938453 ], [ 107.71912, -6.938438 ], [ 107.719168, -6.938435 ], [ 107.719224, -6.938432 ], [ 107.719266, -6.938432 ], [ 107.719305, -6.93842 ], [ 107.719346, -6.938393 ], [ 107.719391, -6.938364 ], [ 107.719421, -6.938322 ], [ 107.719441, -6.938277 ], [ 107.719459, -6.938236 ], [ 107.719483, -6.938197 ], [ 107.719516, -6.938158 ], [ 107.719548, -6.938138 ], [ 107.719587, -6.938138 ], [ 107.719638, -6.938156 ], [ 107.719685, -6.938188 ], [ 107.719745, -6.938239 ], [ 107.719778, -6.938263 ], [ 107.719795, -6.938283 ], [ 107.719819, -6.938292 ], [ 107.719852, -6.938263 ], [ 107.719885, -6.93823 ], [ 107.719902, -6.938185 ], [ 107.719947, -6.938129 ], [ 107.719986, -6.938087 ], [ 107.720027, -6.938057 ], [ 107.72009, -6.93801 ], [ 107.72014, -6.937977 ], [ 107.720191, -6.93795 ], [ 107.720224, -6.937921 ], [ 107.720247, -6.937873 ], [ 107.720274, -6.937813 ], [ 107.720313, -6.937754 ], [ 107.720366, -6.937712 ], [ 107.720438, -6.937653 ], [ 107.720512, -6.937593 ], [ 107.720679, -6.937483 ], [ 107.720786, -6.937412 ], [ 107.720836, -6.937352 ], [ 107.720866, -6.937257 ], [ 107.72089, -6.937141 ], [ 107.72092, -6.937001 ], [ 107.720937, -6.936909 ], [ 107.720851, -6.936897 ], [ 107.720804, -6.936885 ], [ 107.720774, -6.936877 ], [ 107.720747, -6.936847 ], [ 107.720729, -6.93682 ], [ 107.720717, -6.936781 ], [ 107.720714, -6.936746 ], [ 107.72072, -6.936701 ], [ 107.720735, -6.936645 ], [ 107.720753, -6.936594 ], [ 107.720783, -6.936532 ], [ 107.720816, -6.936457 ], [ 107.720839, -6.936395 ], [ 107.720875, -6.93632 ], [ 107.72089, -6.936268 ], [ 107.720905, -6.936216 ], [ 107.720923, -6.936118 ], [ 107.720937, -6.936035 ], [ 107.720952, -6.935966 ], [ 107.720964, -6.935895 ], [ 107.720967, -6.935824 ], [ 107.72097, -6.93577 ], [ 107.720982, -6.935723 ], [ 107.720983, -6.935719 ], [ 107.720992, -6.93569 ], [ 107.720997, -6.935672 ], [ 107.721024, -6.935601 ], [ 107.721045, -6.935547 ], [ 107.721047, -6.935542 ], [ 107.721068, -6.935499 ], [ 107.721095, -6.935461 ], [ 107.721131, -6.935419 ], [ 107.721158, -6.935383 ], [ 107.721168, -6.935362 ], [ 107.721175, -6.935345 ], [ 107.72119, -6.935288 ], [ 107.721199, -6.935229 ], [ 107.721217, -6.935196 ], [ 107.721241, -6.93516 ], [ 107.721256, -6.934976 ], [ 107.721256, -6.934931 ], [ 107.721271, -6.934902 ], [ 107.721294, -6.934866 ], [ 107.721345, -6.934824 ], [ 107.721363, -6.934792 ], [ 107.72139, -6.934741 ], [ 107.72139, -6.934705 ], [ 107.721375, -6.934667 ], [ 107.721458, -6.934526 ], [ 107.7215, -6.934455 ], [ 107.721476, -6.934423 ], [ 107.721647, -6.93431 ], [ 107.721779, -6.93424 ], [ 107.721976, -6.934137 ], [ 107.722044, -6.934103 ], [ 107.722011, -6.934033 ], [ 107.722001, -6.934012 ], [ 107.721934, -6.933857 ], [ 107.722074, -6.933754 ], [ 107.722223, -6.933716 ], [ 107.722331, -6.933688 ], [ 107.72238, -6.933677 ], [ 107.72244, -6.933665 ], [ 107.722514, -6.933651 ], [ 107.722528, -6.933633 ], [ 107.722577, -6.933568 ], [ 107.722624, -6.933509 ], [ 107.722653, -6.933455 ], [ 107.722667, -6.933409 ], [ 107.722685, -6.933362 ], [ 107.72272, -6.933267 ], [ 107.72275, -6.933184 ], [ 107.722768, -6.933112 ], [ 107.722785, -6.933046 ], [ 107.722803, -6.93298 ], [ 107.722814, -6.932934 ], [ 107.722845, -6.932891 ], [ 107.722872, -6.93285 ], [ 107.722905, -6.932819 ], [ 107.722948, -6.932796 ], [ 107.722979, -6.93275 ], [ 107.723005, -6.932698 ], [ 107.723019, -6.93265 ], [ 107.723038, -6.932584 ], [ 107.72305, -6.93252 ], [ 107.723069, -6.932474 ], [ 107.7231, -6.932422 ], [ 107.723141, -6.932348 ], [ 107.723174, -6.932277 ], [ 107.723224, -6.932191 ], [ 107.723255, -6.932127 ], [ 107.723295, -6.931991 ], [ 107.723317, -6.931884 ], [ 107.723321, -6.931818 ], [ 107.723324, -6.931751 ], [ 107.723338, -6.931696 ], [ 107.723339, -6.931618 ], [ 107.723355, -6.931535 ], [ 107.723379, -6.931467 ], [ 107.723397, -6.931417 ], [ 107.723445, -6.931281 ], [ 107.723457, -6.931247 ], [ 107.723467, -6.931219 ], [ 107.723536, -6.931189 ], [ 107.723559, -6.931096 ], [ 107.72358, -6.930953 ], [ 107.723604, -6.930834 ], [ 107.723627, -6.930723 ], [ 107.723644, -6.930639 ], [ 107.72366, -6.930559 ], [ 107.723685, -6.930435 ], [ 107.723711, -6.93031 ], [ 107.723737, -6.93018 ], [ 107.723755, -6.930089 ], [ 107.723776, -6.929987 ], [ 107.723796, -6.929889 ], [ 107.72384, -6.929852 ], [ 107.723871, -6.929816 ], [ 107.723909, -6.929778 ], [ 107.723945, -6.929736 ], [ 107.723985, -6.929686 ], [ 107.724012, -6.929626 ], [ 107.724047, -6.929567 ], [ 107.724076, -6.929507 ], [ 107.724107, -6.929448 ], [ 107.724141, -6.929395 ], [ 107.724174, -6.929348 ], [ 107.724202, -6.929317 ], [ 107.724242, -6.929283 ], [ 107.72429, -6.929241 ], [ 107.724353, -6.929195 ], [ 107.724414, -6.929154 ], [ 107.724408, -6.929144 ], [ 107.724393, -6.929106 ], [ 107.724387, -6.929058 ], [ 107.724392, -6.928963 ], [ 107.724396, -6.92891 ], [ 107.724396, -6.928867 ], [ 107.724417, -6.928813 ], [ 107.724417, -6.928767 ], [ 107.724442, -6.928728 ], [ 107.724478, -6.92871 ], [ 107.724514, -6.92871 ], [ 107.72456, -6.928699 ], [ 107.724596, -6.928663 ], [ 107.724628, -6.928606 ], [ 107.724628, -6.928556 ], [ 107.724617, -6.928513 ], [ 107.7246, -6.928481 ], [ 107.724596, -6.928428 ], [ 107.7246, -6.92836 ], [ 107.7246, -6.928292 ], [ 107.724596, -6.928235 ], [ 107.724596, -6.928164 ], [ 107.724589, -6.928103 ], [ 107.724575, -6.928042 ], [ 107.724582, -6.927978 ], [ 107.724585, -6.927925 ], [ 107.724585, -6.927885 ], [ 107.724575, -6.927832 ], [ 107.72456, -6.92776 ], [ 107.724564, -6.927707 ], [ 107.724575, -6.927657 ], [ 107.724585, -6.927621 ], [ 107.724624, -6.927596 ], [ 107.724674, -6.927571 ], [ 107.72471, -6.927536 ], [ 107.724717, -6.927475 ], [ 107.724721, -6.927432 ], [ 107.724693, -6.927382 ], [ 107.724692, -6.927325 ], [ 107.724692, -6.927282 ], [ 107.724699, -6.927225 ], [ 107.724721, -6.927171 ], [ 107.724746, -6.927104 ], [ 107.72476, -6.927064 ], [ 107.724785, -6.927018 ], [ 107.724817, -6.926968 ], [ 107.724839, -6.926907 ], [ 107.72486, -6.92684 ], [ 107.724878, -6.926765 ], [ 107.724885, -6.926715 ], [ 107.724871, -6.926675 ], [ 107.724856, -6.92665 ], [ 107.724828, -6.926618 ], [ 107.724792, -6.926583 ], [ 107.724771, -6.92654 ], [ 107.724757, -6.926493 ], [ 107.724757, -6.926436 ], [ 107.724771, -6.926379 ], [ 107.724799, -6.926286 ], [ 107.724828, -6.926186 ], [ 107.724853, -6.926101 ], [ 107.724881, -6.926022 ], [ 107.724924, -6.925919 ], [ 107.724981, -6.925829 ], [ 107.725063, -6.92574 ], [ 107.725146, -6.92568 ], [ 107.725238, -6.92559 ], [ 107.725338, -6.925519 ], [ 107.725442, -6.925419 ], [ 107.725499, -6.925355 ], [ 107.725531, -6.925301 ], [ 107.72556, -6.925219 ], [ 107.725595, -6.925108 ], [ 107.725642, -6.924969 ], [ 107.725717, -6.924723 ], [ 107.725777, -6.924441 ], [ 107.725792, -6.924384 ], [ 107.725817, -6.924345 ], [ 107.725852, -6.92432 ], [ 107.725895, -6.924313 ], [ 107.725949, -6.924316 ], [ 107.725981, -6.924202 ], [ 107.726013, -6.924077 ], [ 107.726038, -6.923941 ], [ 107.726045, -6.923813 ], [ 107.726052, -6.923741 ], [ 107.726059, -6.923606 ], [ 107.726056, -6.923442 ], [ 107.726059, -6.923317 ], [ 107.726084, -6.923188 ], [ 107.726124, -6.923078 ], [ 107.72617, -6.922946 ], [ 107.726202, -6.922821 ], [ 107.726199, -6.922771 ], [ 107.726195, -6.922735 ], [ 107.726131, -6.922681 ], [ 107.726106, -6.922649 ], [ 107.726109, -6.922606 ], [ 107.726166, -6.922414 ], [ 107.726234, -6.92221 ], [ 107.726295, -6.922046 ], [ 107.726323, -6.921943 ], [ 107.726331, -6.921882 ], [ 107.72632, -6.921825 ], [ 107.726291, -6.921771 ], [ 107.726231, -6.921704 ], [ 107.726211, -6.921612 ], [ 107.726201, -6.921568 ], [ 107.726214, -6.921474 ], [ 107.726228, -6.921377 ], [ 107.726268, -6.921268 ], [ 107.726384, -6.921056 ], [ 107.726532, -6.9207 ], [ 107.726602, -6.920516 ], [ 107.726648, -6.920393 ], [ 107.726708, -6.920235 ], [ 107.726774, -6.920061 ], [ 107.726832, -6.919892 ], [ 107.726866, -6.919785 ], [ 107.726902, -6.919675 ], [ 107.726868, -6.91966 ], [ 107.726799, -6.91963 ], [ 107.726235, -6.919384 ], [ 107.726006, -6.919282 ], [ 107.725946, -6.919266 ], [ 107.725975, -6.91912 ], [ 107.726021, -6.918919 ], [ 107.72606, -6.91875 ], [ 107.726006, -6.918719 ], [ 107.725815, -6.918659 ], [ 107.725754, -6.918567 ], [ 107.725735, -6.918485 ], [ 107.725813, -6.918328 ], [ 107.725892, -6.918207 ], [ 107.726017, -6.918142 ], [ 107.726086, -6.918121 ], [ 107.726175, -6.917866 ], [ 107.726348, -6.917532 ], [ 107.72672, -6.917464 ], [ 107.726866, -6.917133 ], [ 107.727038, -6.916771 ], [ 107.727129, -6.916557 ], [ 107.727255, -6.916637 ], [ 107.727377, -6.916693 ], [ 107.727437, -6.916708 ], [ 107.727493, -6.916705 ], [ 107.727556, -6.916669 ], [ 107.727663, -6.916613 ], [ 107.727997, -6.916748 ], [ 107.728489, -6.916978 ], [ 107.728586, -6.916748 ], [ 107.728687, -6.916503 ], [ 107.728731, -6.916417 ], [ 107.728565, -6.916374 ], [ 107.728506, -6.916352 ], [ 107.728515, -6.916276 ], [ 107.728551, -6.91611 ], [ 107.728568, -6.915884 ], [ 107.72858, -6.9157 ], [ 107.728639, -6.915479 ], [ 107.728772, -6.915127 ], [ 107.728934, -6.914811 ], [ 107.729108, -6.914487 ], [ 107.729194, -6.914278 ], [ 107.729227, -6.914116 ], [ 107.729258, -6.914025 ], [ 107.729367, -6.913792 ], [ 107.729501, -6.913542 ], [ 107.729646, -6.913278 ], [ 107.729673, -6.913236 ], [ 107.729689, -6.913223 ], [ 107.729711, -6.913219 ], [ 107.729829, -6.913256 ], [ 107.730167, -6.913406 ], [ 107.730331, -6.913471 ], [ 107.730364, -6.913481 ], [ 107.730406, -6.913473 ], [ 107.730427, -6.913462 ], [ 107.730512, -6.913388 ], [ 107.730617, -6.913258 ], [ 107.73072, -6.91311 ], [ 107.730775, -6.913 ], [ 107.730855, -6.912853 ], [ 107.730931, -6.912743 ], [ 107.730974, -6.912696 ], [ 107.73106, -6.9126 ], [ 107.731133, -6.912495 ], [ 107.731187, -6.912403 ], [ 107.731249, -6.912286 ], [ 107.7313, -6.912149 ], [ 107.73143, -6.911925 ], [ 107.731659, -6.91142 ], [ 107.73174, -6.911246 ], [ 107.731797, -6.91116 ], [ 107.731844, -6.911038 ], [ 107.73188, -6.910999 ], [ 107.73191, -6.910987 ], [ 107.731954, -6.911002 ], [ 107.732001, -6.911001 ], [ 107.732054, -6.910967 ], [ 107.73219, -6.910792 ], [ 107.73229, -6.910671 ], [ 107.732429, -6.910506 ], [ 107.732504, -6.91041 ], [ 107.732591, -6.910355 ], [ 107.732634, -6.910331 ], [ 107.732701, -6.910297 ], [ 107.732797, -6.910262 ], [ 107.732863, -6.910259 ], [ 107.732928, -6.910238 ], [ 107.73328, -6.909847 ], [ 107.733494, -6.909561 ], [ 107.733703, -6.909304 ], [ 107.733956, -6.908976 ], [ 107.734249, -6.908472 ], [ 107.73448, -6.9086 ], [ 107.734621, -6.908696 ], [ 107.734855, -6.908906 ], [ 107.734932, -6.908948 ], [ 107.735018, -6.90886 ], [ 107.735146, -6.908728 ], [ 107.735438, -6.908365 ], [ 107.735613, -6.908119 ], [ 107.735688, -6.908014 ], [ 107.735735, -6.908056 ], [ 107.735771, -6.90805 ], [ 107.735806, -6.908015 ], [ 107.73583, -6.90799 ], [ 107.735902, -6.907889 ], [ 107.735967, -6.907692 ], [ 107.736027, -6.907556 ], [ 107.736111, -6.907293 ], [ 107.736116, -6.907276 ], [ 107.736247, -6.906997 ], [ 107.736747, -6.907068 ], [ 107.737094, -6.90712 ], [ 107.737101, -6.907033 ], [ 107.737111, -6.906974 ], [ 107.737112, -6.906914 ], [ 107.73715, -6.906757 ], [ 107.737299, -6.906364 ], [ 107.73745, -6.905928 ], [ 107.737547, -6.905645 ], [ 107.737649, -6.905398 ], [ 107.737683, -6.905334 ], [ 107.737837, -6.904957 ], [ 107.737947, -6.904703 ], [ 107.738064, -6.904457 ], [ 107.738129, -6.904338 ], [ 107.738212, -6.904186 ], [ 107.738369, -6.903944 ], [ 107.738471, -6.903786 ], [ 107.738585, -6.90361 ], [ 107.738722, -6.903397 ], [ 107.738789, -6.903283 ], [ 107.738881, -6.903127 ], [ 107.738944, -6.903014 ], [ 107.739184, -6.902631 ], [ 107.739353, -6.902374 ], [ 107.739477, -6.902207 ], [ 107.739549, -6.902109 ] ] ] } }
]
}
